application_name,volume_mn,value_cr,month
PhonePe,6500.14,1001679.63,01-04-2024
Google Pay,5027.32,694189.68,01-04-2024
Paytm,1117.13,122554.25,01-04-2024
Cred,138.46,43233.21,01-04-2024
Axis Bank Apps,69.8,6483.24,01-04-2024
Amazon Pay,64.33,6784.82,01-04-2024
ICICI Bank Apps,47.41,26638.88,01-04-2024
Fampay,46.64,588,01-04-2024
Kotak Mahindra Bank Apps,41.54,6101.88,01-04-2024
HDFC Bank Apps,35.99,7689.76,01-04-2024
WhatsApp,34.12,2815.68,01-04-2024
BHIM,25.48,8670.52,01-04-2024
Yes Bank Apps,22.26,12009.4,01-04-2024
Airtel Payments Bank Apps,16.19,1244.14,01-04-2024
Navi,15.1,402.92,01-04-2024
Bajaj Finserv,10.29,1819.55,01-04-2024
Mobikwik,9.76,2248.19,01-04-2024
Groww,8.02,5452.72,01-04-2024
Slice,7.51,608.62,01-04-2024
State Bank of India Apps,6.53,2386.79,01-04-2024
IDFC Bank Apps,6.45,1581.78,01-04-2024
Samsung Pay,6.3,527.4,01-04-2024
Federal Bank Apps,6.14,821.8,01-04-2024
Jupiter,5.92,710.69,01-04-2024
India Post Payments Bank Apps,5.08,687.52,01-04-2024
Flipkart UPI,3.46,174.73,01-04-2024
Deutsche Bank Apps,3.28,441.58,01-04-2024
Canara Bank Apps,3.03,812.15,01-04-2024
Timepay,2.16,24.25,01-04-2024
Jio Payments Bank Apps,1.87,164.17,01-04-2024
Punjab National Bank Apps,1.66,419.99,01-04-2024
RBL Bank Apps,1.57,646.29,01-04-2024
Indian Bank Apps,1.5,317.4,01-04-2024
Union Bank Apps,1.25,525.02,01-04-2024
Omnicard,1.06,37.27,01-04-2024
Bank of Baroda Apps,0.99,467.77,01-04-2024
Central Bank of India Apps,0.89,204.45,01-04-2024
AU Small Finance Bank Apps,0.8,257.99,01-04-2024
Go Kiwi,0.58,92.87,01-04-2024
DBS Digibank Apps,0.47,182.89,01-04-2024
South Indian Bank Apps,0.43,129.71,01-04-2024
Shriram One,0.4,37.49,01-04-2024
Fino Payments bank Apps,0.35,49.47,01-04-2024
IndusInd Bank Apps,1.06,191.9,01-04-2024
HSBC Bank Apps,0.32,126.59,01-04-2024
TataNeu,0.32,34.06,01-04-2024
Bank of India Apps,0.21,87.25,01-04-2024
Standard Chartered Bank Apps,0.16,105.51,01-04-2024
UCO Bank Apps,0.16,54.3,01-04-2024
Digikhata,0.15,51.08,01-04-2024
Karnataka Bank Apps,0.15,27.18,01-04-2024
Jupiter Edge,0.14,22.88,01-04-2024
Dhani,0.13,7.44,01-04-2024
Indian Overseas Bank Apps,0.11,30.1,01-04-2024
Ultracash,0.09,6.16,01-04-2024
Tamilnad Mercantile Bank Apps,0.09,24.69,01-04-2024
City Union Bank Apps,0.08,26.6,01-04-2024
NSDL Payments Bank Apps,0.08,11.88,01-04-2024
Citi Bank Apps,0.06,69.19,01-04-2024
IDBI Bank Apps,0.06,20.15,01-04-2024
Bank of Maharashtra Apps,0.06,14.06,01-04-2024
Karur Vysya Bank Apps,0.05,18.94,01-04-2024
MakeMyTrip,0.04,19.32,01-04-2024
Go Niyo,0.04,16.77,01-04-2024
Equitas Small Finance Bank Apps,0.03,25.52,01-04-2024
Punjab Sind Bank Apps,0.03,12.15,01-04-2024
Allahabad Bank Apps,0.02,6.18,01-04-2024
Fave,0.02,1.16,01-04-2024
Cheq,0.01,1.13,01-04-2024
Other Apps,1.18,112.6,01-04-2024
Phone Pe #,8362.31,1205047.3,01-04-2025
Google Pay #,6488.55,842628.56,01-04-2025
Paytm #,1210.24,131153.97,01-04-2025
Navi #,344.21,18841.19,01-04-2025
super.money #,175.24,5924.95,01-04-2025
Cred #,134.67,49753,01-04-2025
Axis Bank Apps,120.05,9147.64,01-04-2025
FamApp by Trio #,99.91,1241.8,01-04-2025
Amazon Pay #,98.26,9966.68,01-04-2025
Whatsapp #,67.4,5065.44,01-04-2025
ICICI Bank Apps,58.11,16223.97,01-04-2025
Kotak Mahindra Bank Apps,57.73,7681.65,01-04-2025
HDFC Bank Apps,57.46,11947.75,01-04-2025
BHIM,53.57,10363.27,01-04-2025
Yes Bank Apps,48.3,9059.27,01-04-2025
Mobikwik #,31.7,4277.05,01-04-2025
Airtel Payments Bank Apps,20.4,1416.39,01-04-2025
Slice #,17.81,2120.01,01-04-2025
IDFC Bank Apps,16.09,2435.24,01-04-2025
India Post Payments Bank Apps,14.76,1738.65,01-04-2025
RBL Bank Apps,14.09,1653.13,01-04-2025
State Bank of India Apps,13.16,3524.25,01-04-2025
Groww #,12.37,8788.46,01-04-2025
POP UPI,10.38,445.95,01-04-2025
Bajaj Finserv #,10.25,2002.37,01-04-2025
Samsung Pay #,8.72,619.96,01-04-2025
Jupiter Money #,6.15,900.17,01-04-2025
Federal Bank Apps,4.89,894.05,01-04-2025
Jio Payments Bank Apps,4.21,315.88,01-04-2025
Canara Bank Apps,3.71,970.18,01-04-2025
Deutsche Bank Apps,3.56,647.42,01-04-2025
Flipkart UPI #,3.47,195.89,01-04-2025
Punjab National Bank Apps,3.4,912.54,01-04-2025
Timepay #,3.12,40.66,01-04-2025
Fi Money #,3.01,396.69,01-04-2025
Kiwi #,2.41,297.79,01-04-2025
IndusInd Bank Apps,2.17,345.61,01-04-2025
Jammu and Kashmir Bank Apps,2.11,281.4,01-04-2025
Shri Ram One #,2.09,137.77,01-04-2025
Bank of Baroda Apps,1.9,567.22,01-04-2025
Standard Chartered Bank Apps,1.9,158.39,01-04-2025
Omni Card,1.57,84.95,01-04-2025
Central Bank of India Apps,1.54,263.72,01-04-2025
DBS Digibank Apps,1.1,213.38,01-04-2025
Ind Money #,1.05,541.53,01-04-2025
HSBC Bank Apps,0.88,107.13,01-04-2025
Digikhata,0.8,254.47,01-04-2025
Bharat Pe #,0.78,59.59,01-04-2025
Suryoday Bank Apps,0.75,135.57,01-04-2025
One Card #,0.74,842.35,01-04-2025
Union Bank Apps,0.72,243.46,01-04-2025
Indian Bank Apps,0.7,186.42,01-04-2025
South Indian Bank Apps,0.68,200.19,01-04-2025
Aditya Birla Capital Digital #,0.63,32.69,01-04-2025
AU Small Finance Bank Apps,0.57,178.31,01-04-2025
Fino Payments Bank Apps,0.51,54.6,01-04-2025
UCO Bank Apps,0.46,116.7,01-04-2025
ESAF Small Finance Bank Apps,0.44,52.11,01-04-2025
Tata Neu #,0.39,118.54,01-04-2025
Salary Se #,0.37,17.58,01-04-2025
Bank of India Apps,0.3,90.46,01-04-2025
Indian Overseas Bank Apps,0.27,63.56,01-04-2025
Karnataka Bank Apps,0.24,58.02,01-04-2025
Money View #,0.23,25.72,01-04-2025
Kredit.Pe #,0.22,28.84,01-04-2025
Spice Money,0.17,12.63,01-04-2025
Dhani,0.16,7.15,01-04-2025
Rapipay,0.15,16.93,01-04-2025
IDBI Bank Apps,0.13,47.44,01-04-2025
Niyo Global #,0.11,58.73,01-04-2025
Ultracash #,0.1,8.26,01-04-2025
Karur Vysya Bank Apps,0.09,33.47,01-04-2025
True Balance,0.09,3.02,01-04-2025
Tamilnad Mercantile Bank Apps,0.09,31.21,01-04-2025
City Union Bank Apps,0.08,29.3,01-04-2025
Genwise #,0.07,27.48,01-04-2025
NSDL Payments Bank Apps,0.06,6.78,01-04-2025
Freo #,0.04,2.6,01-04-2025
Obopay,0.04,4.79,01-04-2025
Unity Small Finance Bank Apps,0.03,6.73,01-04-2025
Punjab Sind Bank Apps,0.03,9.5,01-04-2025
Cheq,0.02,1.72,01-04-2025
Bank of Maharashtra Apps,0.02,6.66,01-04-2025
Others,1.88,216.91,01-04-2025
PhonePe #,7236.49,1033264.34,01-08-2024
Google Pay #,5592.45,742223.07,01-08-2024
Paytm #,1078.9,113672.17,01-08-2024
Cred #,147.48,50720.89,01-08-2024
Axis Bank Apps,113.97,5834.35,01-08-2024
Navi #,88.71,4651.32,01-08-2024
Amazon Pay #,70.72,7744.21,01-08-2024
Fam Pay by Trio #,57.16,686.06,01-08-2024
ICICI Bank Apps,51.31,21309.33,01-08-2024
Kotak Mahindra Bank Apps,46.94,6349,01-08-2024
WhatsApp #,45.43,3421.99,01-08-2024
HDFC Bank Apps,36,8835.19,01-08-2024
Yes Bank Apps,26.3,9717.22,01-08-2024
BHIM,25.94,8363.28,01-08-2024
Airtel Payments Bank Apps,17.56,1221.86,01-08-2024
Mobikwik #,14.94,3012.52,01-08-2024
Groww #,13.65,9693.95,01-08-2024
super.money #,11.63,385.77,01-08-2024
Bajaj Finserv #,11.01,2639.91,01-08-2024
slice #,10.53,775.67,01-08-2024
State Bank of India Apps,9,2827.84,01-08-2024
Flipkart UPI #,8.6,468.99,01-08-2024
IDFC Bank Apps,8.01,1768.92,01-08-2024
Samsung Pay #,7.14,567.24,01-08-2024
India Post Payments Bank Apps,7.04,906,01-08-2024
Federal Bank Apps,6.25,901.05,01-08-2024
Jupiter Money #,6.04,807.39,01-08-2024
Deutsche Bank Apps,3.73,369.45,01-08-2024
Canara Bank Apps,3.1,810.75,01-08-2024
Jio Payments Bank Apps,2.62,201.6,01-08-2024
Punjab National Bank Apps,2.57,595.26,01-08-2024
Indian Bank Apps,2.26,373.75,01-08-2024
RBL Bank Apps,1.55,554.3,01-08-2024
Timepay #,1.29,12.9,01-08-2024
Union Bank Apps,1.27,468.83,01-08-2024
OmniCard #,1.21,61.66,01-08-2024
Bank of Baroda Apps,1.13,449.45,01-08-2024
Jammu and Kashmir Bank Apps,0.93,122.73,01-08-2024
Central Bank of India Apps,0.85,173.27,01-08-2024
Pop Club,0.77,72.62,01-08-2024
South Indian Bank Apps,0.62,168.87,01-08-2024
AU Small Finance Bank Apps,0.53,155.57,01-08-2024
DBS Digibank Apps,0.52,199.46,01-08-2024
Aditya Birla Capital Digital,0.51,16.36,01-08-2024
HSBC Bank Apps,0.49,168.59,01-08-2024
Fino Payments bank Apps,0.46,54.37,01-08-2024
IndusInd Bank Apps,0.37,101.49,01-08-2024
Digikhata #,0.33,110.14,01-08-2024
Shri Ram One #,0.33,37.87,01-08-2024
Kiwi #,0.29,37.8,01-08-2024
UCO Bank Apps,0.24,53.95,01-08-2024
Suryoday Bank Apps,0.21,0.02,01-08-2024
Karnataka Bank Apps,0.19,39.14,01-08-2024
TataNeu #,0.18,28.51,01-08-2024
Standard Chartered Bank Apps,0.18,116.68,01-08-2024
Indian Overseas Bank Apps,0.17,46.55,01-08-2024
Dhani,0.12,15.89,01-08-2024
Ultracash,0.12,8.68,01-08-2024
Bank of India Apps,0.11,28.04,01-08-2024
IDBI Bank Apps,0.09,33.76,01-08-2024
City Union Bank Apps,0.08,29.36,01-08-2024
Niyo Global,0.08,40.29,01-08-2024
Tamilnad Mercantile Bank Apps,0.08,24.17,01-08-2024
NSDL Payments Bank Apps,0.08,11.72,01-08-2024
Karur Vysya Bank Apps,0.06,21,01-08-2024
Rapi Pay,0.06,9.04,01-08-2024
Equitas Small Finance Bank Apps,0.04,26.4,01-08-2024
Punjab Sind Bank Apps,0.03,13.83,01-08-2024
Allahabad Bank Apps,0.02,5.13,01-08-2024
Others,1.82,230.58,01-08-2024
Navi #,504.45,25396.91,01-08-2025
super.money #,256.64,9290.21,01-08-2025
Cred #,150,55756.24,01-08-2025
FamApp by Trio #,135.65,1708.85,01-08-2025
Axis Bank Apps,135.14,9812.52,01-08-2025
BHIM,100.17,15002.68,01-08-2025
Amazon Pay #,98.98,10830.8,01-08-2025
Whatsapp #,78.21,5583.34,01-08-2025
ICICI Bank Apps,75.8,16589.76,01-08-2025
HDFC Bank Apps,72.86,16120.19,01-08-2025
Kotak Mahindra Bank Apps,71.87,8662.31,01-08-2025
Yes Bank Apps,54.33,9428.15,01-08-2025
Mobikwik #,48.14,6010.88,01-08-2025
POP UPI,44.53,1694.22,01-08-2025
Airtel Payments Bank Apps,21.4,1650.42,01-08-2025
Slice Small Finance Bank Apps,20.75,2716.15,01-08-2025
India Post Payments Bank Apps,19.58,1892.61,01-08-2025
IDFC Bank Apps,17.48,2728.37,01-08-2025
Groww #,13.01,9001.87,01-08-2025
State Bank of India Apps,12.99,3668.47,01-08-2025
Bajaj Finserv,11.63,2456.88,01-08-2025
Samsung Pay #,9.9,682.42,01-08-2025
RBL Bank Apps,9.29,1456.85,01-08-2025
Federal Bank Apps,6.55,1295.01,01-08-2025
Jupiter Money #,6.49,998.01,01-08-2025
Bharat Pe #,4.69,233.82,01-08-2025
Jio Payments Bank Apps,4.65,319.72,01-08-2025
Canara Bank Apps,4.27,1028.07,01-08-2025
Deutsche Bank Apps,4.24,774.19,01-08-2025
Punjab National Bank Apps,3.79,964.86,01-08-2025
NSDL Payments Bank Apps,3.59,198.74,01-08-2025
Flipkart UPI #,3.46,194.88,01-08-2025
Timepay #,2.98,43.77,01-08-2025
Fi Money #,2.77,391.19,01-08-2025
Kiwi #,2.69,305.39,01-08-2025
Shri Ram One,2.61,159.27,01-08-2025
Jammu and Kashmir Bank Apps,2.47,334.59,01-08-2025
Bank of Baroda Apps,2.39,508.85,01-08-2025
Ind Money #,2.15,758.73,01-08-2025
IndusInd Bank Apps,1.91,238.35,01-08-2025
Omni Card,1.82,113.4,01-08-2025
Suryoday Bank Apps,1.46,111.94,01-08-2025
Indian Bank Apps,1.26,281.53,01-08-2025
HSBC Bank Apps,1.21,151.55,01-08-2025
Digikhata,1.1,365.04,01-08-2025
Money View #,1.03,74.94,01-08-2025
South Indian Bank Apps,0.9,248.87,01-08-2025
Union Bank Apps,0.84,259.85,01-08-2025
One Card,0.76,884.64,01-08-2025
DBS Digibank Apps,0.75,252.29,01-08-2025
Kredit Pe #,0.71,60.21,01-08-2025
Central Bank of India Apps,0.71,161.42,01-08-2025
Fino Payments Bank Apps,0.69,68.05,01-08-2025
AU Small Finance Bank Apps,0.68,208.06,01-08-2025
ESAF Small Finance Bank Apps,0.59,63.66,01-08-2025
UCO Bank Apps,0.53,130.16,01-08-2025
Salary Se #,0.53,24.31,01-08-2025
Tata Pay #,0.52,155.47,01-08-2025
Aditya Birla Capital Digital,0.42,28.13,01-08-2025
Bank of India Apps,0.3,93.6,01-08-2025
Spice Money,0.3,26.1,01-08-2025
Karnataka Bank Apps,0.27,60.71,01-08-2025
Indian Overseas Bank Apps,0.26,64.38,01-08-2025
Standard Chartered Bank Apps,0.26,123.33,01-08-2025
Rapipay,0.24,25,01-08-2025
Dhani,0.22,9.85,01-08-2025
IDBI Bank Apps,0.17,67.08,01-08-2025
True Balance,0.15,4.9,01-08-2025
OBOPAY,0.11,16.77,01-08-2025
Karur Vysya Bank Apps,0.11,38.33,01-08-2025
Ultracash #,0.1,7.48,01-08-2025
Tamilnad Mercantile Bank Apps,0.1,33.36,01-08-2025
Niyo Global #,0.09,22.11,01-08-2025
City Union Bank Apps,0.07,28.22,01-08-2025
Unity Small Finance Bank Apps,0.07,19.76,01-08-2025
Payworld,0.04,4,01-08-2025
JAR #,0.04,1.14,01-08-2025
Freo #,0.04,2.43,01-08-2025
Utkarsh Small Finance Bank Apps,0.03,4.18,01-08-2025
Punjab Sind Bank Apps,0.02,6.63,01-08-2025
Others,2.41,273.01,01-08-2025
Others,2.31,244.14,01-08-2025
POP UPI,14.58,834.96,01-12-2024
Samsung Pay #,11.21,716.66,01-12-2024
Jupiter Money #,6.04,935.1,01-12-2024
Jio Payments Bank Apps,5.92,418.34,01-12-2024
Deutsche Bank Apps,4.39,760.75,01-12-2024
NSDL Payments Bank Apps,3.48,319.56,01-12-2024
Kiwi #,3.08,404.62,01-12-2024
Ind Money #,3.02,994.89,01-12-2024
Bank of Baroda Apps,2.74,653.52,01-12-2024
Flipkart UPI #,2.66,146.29,01-12-2024
Fi Money #,2.58,375.77,01-12-2024
Jammu and Kashmir Bank Apps,2.42,378.25,01-12-2024
Bharat Pe #,2.28,177.52,01-12-2024
Timepay #,2,39.98,01-12-2024
Omni Card,1.9,129.21,01-12-2024
Suryoday Bank Apps,1.89,3.55,01-12-2024
Indian Bank Apps,1.52,422.65,01-12-2024
Money View #,1.41,98.11,01-12-2024
IndusInd Bank Apps,1.39,212.28,01-12-2024
Shri Ram One #,1.39,108.4,01-12-2024
HSBC Bank Apps,1.26,158.12,01-12-2024
ESAF Small Finance Bank Apps,1.19,127.39,01-12-2024
Digikhata,1.16,412.73,01-12-2024
Aditya Birla Capital Digital #,1.11,24.14,01-12-2024
KreditBee #,1.06,37.32,01-12-2024
Fino Payments Bank Apps,0.96,83.45,01-12-2024
Union Bank Apps,0.88,250.09,01-12-2024
South Indian Bank Apps,0.84,243.72,01-12-2024
AU Small Finance Bank Apps,0.73,241.68,01-12-2024
One Card #,0.63,793.04,01-12-2024
Kredit Pe #,0.6,53.81,01-12-2024
DBS Digibank Apps,0.58,203.03,01-12-2024
UCO Bank Apps,0.58,154.26,01-12-2024
Salary Se #,0.48,23.87,01-12-2024
Central Bank of India Apps,0.42,126.34,01-12-2024
Tata Pay #,0.42,148.43,01-12-2024
Standard Chartered Bank Apps,0.36,116.53,01-12-2024
Bank of India Apps,0.34,108.52,01-12-2024
Jar #,0.33,8.42,01-12-2024
Spice Money,0.32,30.58,01-12-2024
Rapipay,0.3,29.39,01-12-2024
Karnataka Bank Apps,0.27,63.02,01-12-2024
Dhani,0.21,9.42,01-12-2024
Indian Overseas Bank Apps,0.2,53.88,01-12-2024
True Balance,0.18,6.09,01-12-2024
Oxymoney,0.16,10.58,01-12-2024
IDBI Bank Apps,0.16,71.99,01-12-2024
Obopay,0.15,23.14,01-12-2024
Karur Vysya Bank Apps,0.12,43.7,01-12-2024
TwidPay #,0.11,12.18,01-12-2024
Tamilnad Mercantile Bank Apps,0.1,34.64,01-12-2024
Payworld,0.08,7.81,01-12-2024
Ultracash #,0.08,6.31,01-12-2024
Unity Small Finance Bank Apps,0.08,24.79,01-12-2024
City Union Bank Apps,0.07,29.85,01-12-2024
Bank of Maharashtra Apps,0.04,10.94,01-12-2024
Curie Money #,0.04,3.25,01-12-2024
Punjab Sind Bank Apps,0.03,11.81,01-12-2024
Equitas Small Finance Bank Apps,0.03,10.2,01-12-2024
Freo #,0.03,1.84,01-12-2024
Cheq,0.02,2.44,01-12-2024
LXME #,0.02,1.65,01-12-2024
Others,2.54,244.75,01-12-2024
Samsung Pay #,11.36,745.25,01-12-2025
POP UPI,9.38,705.72,01-12-2025
Jio Payments Bank Apps,6.39,440.97,01-12-2025
Jupiter Money #,6.09,966.07,01-12-2025
Deutsche Bank Apps,5.36,827.1,01-12-2025
NSDL Payments Bank Apps,3.77,316.05,01-12-2025
Kiwi #,3.1,439.43,01-12-2025
Punjab National Bank Apps,2.96,748.71,01-12-2025
Flipkart UPI #,2.8,152.97,01-12-2025
Fi Money #,2.59,381.14,01-12-2025
Jammu and Kashmir Bank Apps,2.5,390.02,01-12-2025
Suryoday Bank Apps,2.5,5.76,01-12-2025
Bharat Pe #,2.46,206.84,01-12-2025
Bank of Baroda Apps,2.25,566.75,01-12-2025
Omni Card,1.95,134.81,01-12-2025
Timepay #,1.81,37.13,01-12-2025
Money View #,1.79,103.65,01-12-2025
IndusInd Bank Apps,1.7,266.09,01-12-2025
Indian Bank Apps,1.59,474.12,01-12-2025
KreditBee #,1.57,77.28,01-12-2025
Aditya Birla Capital Digital #,1.46,26.21,01-12-2025
Shri Ram One #,1.43,111.67,01-12-2025
ESAF Small Finance Bank Apps,1.28,133.33,01-12-2025
HSBC Bank Apps,1.26,156.91,01-12-2025
Digikhata,1.25,421.6,01-12-2025
Oxymoney,1.01,16.97,01-12-2025
Fino Payments Bank Apps,1,87.85,01-12-2025
Union Bank Apps,0.94,273.39,01-12-2025
South Indian Bank Apps,0.93,273.46,01-12-2025
AU Small Finance Bank Apps,0.81,264.18,01-12-2025
DBS Digibank Apps,0.63,224.56,01-12-2025
One Card #,0.62,784.25,01-12-2025
Kredit Pe #,0.61,54.13,01-12-2025
UCO Bank Apps,0.6,164.56,01-12-2025
Freo #,0.59,56.56,01-12-2025
Central Bank of India Apps,0.46,150.27,01-12-2025
Salary Se #,0.42,25.24,01-12-2025
Standard Chartered Bank Apps,0.41,122.83,01-12-2025
Rapipay,0.4,33.66,01-12-2025
Bank of India Apps,0.38,120.71,01-12-2025
Tata Pay #,0.37,126.35,01-12-2025
Spice Money,0.36,32.52,01-12-2025
Karnataka Bank Apps,0.29,68.64,01-12-2025
Jar #,0.25,6.05,01-12-2025
True Balance,0.21,7.24,01-12-2025
Dhani,0.21,9.1,01-12-2025
Indian Overseas Bank Apps,0.19,52.64,01-12-2025
IDBI Bank Apps,0.17,84.4,01-12-2025
Obopay,0.17,26.26,01-12-2025
Karur Vysya Bank Apps,0.13,45.88,01-12-2025
TwidPay #,0.13,15.83,01-12-2025
Tamilnad Mercantile Bank Apps,0.11,39.25,01-12-2025
Payworld,0.1,10.22,01-12-2025
Unity Small Finance Bank Apps,0.08,26.45,01-12-2025
City Union Bank Apps,0.07,29.47,01-12-2025
Saathi by PayNearBy #,0.06,6.09,01-12-2025
Bank of Maharashtra Apps,0.06,17.64,01-12-2025
Ultracash #,0.05,3.7,01-12-2025
Curie Money #,0.05,2.71,01-12-2025
Equitas Small Finance Bank Apps,0.05,14.17,01-12-2025
Cheq #,0.04,3.88,01-12-2025
Fave,0.03,7.04,01-12-2025
LXME #,0.03,2.43,01-12-2025
Punjab Sind Bank Apps,0.03,12.97,01-12-2025
Others,2.89,272.54,01-12-2025
Bharat Pe #,2.72,224.48,01-02-2024
Samsung Pay #,10.29,679.66,01-02-2024
POP UPI #,8.48,662.57,01-02-2024
Jio Payments Bank Apps,6.64,449.17,01-02-2024
Jupiter Money #,5.35,897.61,01-02-2024
Deutsche Bank Apps,4.85,791.38,01-02-2024
Canara Bank Apps,3.61,972.59,01-02-2024
Money View #,2.83,157.81,01-02-2024
Kiwi #,2.65,434.15,01-02-2024
Jammu and Kashmir Bank Apps,2.65,394.59,01-02-2024
KreditBee #,2.44,142.33,01-02-2024
Flipkart UPI #,2.39,115.59,01-02-2024
Suryoday Bank Apps,2.37,13.3,01-02-2024
Punjab National Bank Apps,1.96,536.12,01-02-2024
Fi Money #,1.92,299.83,01-02-2024
Aditya Birla Capital Digital #,1.87,25.79,01-02-2024
Timepay #,1.23,21.55,01-02-2024
Omni Card,1.77,92.21,01-02-2024
Indian Bank Apps,1.45,455.61,01-02-2024
Bank of Baroda Apps,1.44,425.74,01-02-2024
Digikhata,1.31,472.46,01-02-2024
HSBC Bank Apps,1.25,148.32,01-02-2024
IndusInd Bank Apps,1.17,197.23,01-02-2024
NSDL Payments Bank Apps,0.96,277.82,01-02-2024
AU Small Finance Bank Apps,0.85,277.08,01-02-2024
Union Bank Apps,0.84,241.03,01-02-2024
South Indian Bank Apps,0.84,266.22,01-02-2024
Freo #,0.77,72.69,01-02-2024
Shri Ram One #,0.71,82.45,01-02-2024
Kredit Pe #,0.67,58.61,01-02-2024
Jar #,0.63,19.07,01-02-2024
UCO Bank Apps,0.57,161.22,01-02-2024
One Card #,0.57,684.4,01-02-2024
DBS Digibank Apps,0.55,205.24,01-02-2024
Fino Payments Bank Apps,0.52,51.55,01-02-2024
Salary Se #,0.48,38.44,01-02-2024
Central Bank of India Apps,0.47,165.55,01-02-2024
Rapipay,0.47,33.53,01-02-2024
Standard Chartered Bank Apps,0.46,109.71,01-02-2024
Spice Money,0.39,35.08,01-02-2024
ESAF Small Finance Bank Apps,0.35,38.36,01-02-2024
Tata Pay #,0.29,101.76,01-02-2024
Bank of India Apps,0.26,89.73,01-02-2024
Karnataka Bank Apps,0.26,63.38,01-02-2024
IDBI Bank Apps,0.19,94.62,01-02-2024
Obopay,0.19,30.31,01-02-2024
Saathi by PayNearBy #,0.19,23.54,01-02-2024
True Balance,0.19,6.55,01-02-2024
Dhani,0.19,8.16,01-02-2024
TwidPay #,0.14,14.73,01-02-2024
Karur Vysya Bank Apps,0.13,46.09,01-02-2024
Indian Overseas Bank Apps,0.12,37.83,01-02-2024
Payworld,0.12,10.68,01-02-2024
Tamilnad Mercantile Bank Apps,0.1,39,01-02-2024
City Union Bank Apps,0.08,28.59,01-02-2024
Cheq,0.08,7.5,01-02-2024
Bank of Maharashtra Apps,0.06,22.32,01-02-2024
Equitas Small Finance Bank Apps,0.06,16.45,01-02-2024
LXME #,0.05,3.78,01-02-2024
Curie Money #,0.05,2.96,01-02-2024
Ultracash #,0.05,3.72,01-02-2024
Unity Small Finance Bank Apps,0.05,11.21,01-02-2024
Fave,0.04,8.37,01-02-2024
ZET #,0.03,2.01,01-02-2024
Punjab Sind Bank Apps,0.03,12.71,01-02-2024
Others,3.04,246.36,01-02-2024
Phone Pe #,7656.4,1118963.81,01-02-2025
Google Pay #,5836.8,771089.15,01-02-2025
Paytm #,1079.64,117090.29,01-02-2025
Navi #,260.75,14322.97,01-02-2025
super.money #,139.1,4812.44,01-02-2025
Cred #,126.48,45127.72,01-02-2025
Axis Bank Apps,117.7,9197.33,01-02-2025
Amazon Pay #,93.31,9077.3,01-02-2025
FamApp by Trio #,77.08,876.12,01-02-2025
Whatsapp #,58.86,4349.62,01-02-2025
ICICI Bank Apps,54.11,14374.53,01-02-2025
Kotak Mahindra Bank Apps,50.53,6872.1,01-02-2025
HDFC Bank Apps,47.98,10547.64,01-02-2025
Yes Bank Apps,37.78,8385.06,01-02-2025
BHIM,36.88,8475.29,01-02-2025
Mobikwik #,24.19,3733.72,01-02-2025
Airtel Payments Bank Apps,18.99,1349.23,01-02-2025
Slice #,15.31,1742.71,01-02-2025
Groww #,12.81,8383.73,01-02-2025
India Post Payments Bank Apps,12.27,1463.53,01-02-2025
IDFC Bank Apps,11.98,2158.3,01-02-2025
State Bank of India Apps,11.68,3197.67,01-02-2025
RBL Bank Apps,8.86,1421.89,01-02-2025
Bajaj Finserv #,8.39,1707.51,01-02-2025
Samsung Pay #,8.09,576.3,01-02-2025
POP UPI,7.27,419.36,01-02-2025
Jupiter Money #,5.95,858.34,01-02-2025
Flipkart UPI #,4.42,238.42,01-02-2025
Federal Bank Apps,4.08,715.26,01-02-2025
Jio Payments Bank Apps,3.66,290.56,01-02-2025
Canara Bank Apps,3.25,837.13,01-02-2025
Punjab National Bank Apps,3.19,809.91,01-02-2025
Deutsche Bank Apps,3.12,442.68,01-02-2025
Fi Money #,2.99,377.32,01-02-2025
Timepay #,2.19,28.77,01-02-2025
IndusInd Bank Apps,1.76,307.45,01-02-2025
Bank of Baroda Apps,1.72,472.44,01-02-2025
Jammu and Kashmir Bank Apps,1.57,216.84,01-02-2025
Omni Card,1.41,93.44,01-02-2025
Central Bank of India Apps,1.36,233.31,01-02-2025
Shri Ram One #,1.16,81.1,01-02-2025
Suryoday Bank Apps,1.12,193.28,01-02-2025
Kiwi #,1.01,155.81,01-02-2025
DBS Digibank Apps,1,202.69,01-02-2025
HSBC Bank Apps,0.82,186.7,01-02-2025
Ind Money #,0.78,357.98,01-02-2025
Aditya Birla Capital Digital #,0.7,29.68,01-02-2025
Digikhata,0.68,208.81,01-02-2025
Union Bank Apps,0.67,225.15,01-02-2025
One Card #,0.66,742.49,01-02-2025
Bharat Pe #,0.62,41.42,01-02-2025
South Indian Bank Apps,0.62,178.11,01-02-2025
Indian Bank Apps,0.61,168.69,01-02-2025
Fino Payments Bank Apps,0.53,68.54,01-02-2025
AU Small Finance Bank Apps,0.49,148.93,01-02-2025
UCO Bank Apps,0.35,89.18,01-02-2025
Salary Se #,0.3,15.64,01-02-2025
Tata Neu #,0.3,92.32,01-02-2025
Indian Overseas Bank Apps,0.27,67.2,01-02-2025
ESAF Small Finance Bank Apps,0.27,26.81,01-02-2025
Bank of India Apps,0.24,75.45,01-02-2025
Karnataka Bank Apps,0.23,50.92,01-02-2025
Standard Chartered Bank Apps,0.2,114.12,01-02-2025
Dhani,0.15,7.35,01-02-2025
Money View #,0.15,15.33,01-02-2025
True Balance,0.13,4.64,01-02-2025
Kredit.Pe #,0.12,16.73,01-02-2025
Rapipay,0.12,14.62,01-02-2025
Spice Money,0.1,9.88,01-02-2025
Niyo Global #,0.09,46.26,01-02-2025
IDBI Bank Apps,0.09,32.23,01-02-2025
Ultracash #,0.09,6.62,01-02-2025
City Union Bank Apps,0.08,28.98,01-02-2025
Karur Vysya Bank Apps,0.08,28.6,01-02-2025
Tamilnad Mercantile Bank Apps,0.08,26.47,01-02-2025
NSDL Payments Bank Apps,0.08,8.12,01-02-2025
Genwise #,0.07,24.26,01-02-2025
Freo #,0.04,2.36,01-02-2025
Cheq,0.03,2.44,01-02-2025
Punjab Sind Bank Apps,0.03,9.76,01-02-2025
Bank of Maharashtra Apps,0.02,9.03,01-02-2025
Others,1.94,222.61,01-02-2025
Bharat Pe #,2.72,224.48,01-02-2026
Samsung Pay #,10.29,679.66,01-02-2026
POP UPI #,8.48,662.57,01-02-2026
Jio Payments Bank Apps,6.64,449.17,01-02-2026
Jupiter Money #,5.35,897.61,01-02-2026
Deutsche Bank Apps,4.85,791.38,01-02-2026
Canara Bank Apps,3.61,972.59,01-02-2026
Money View #,2.83,157.81,01-02-2026
Kiwi #,2.65,434.15,01-02-2026
Jammu and Kashmir Bank Apps,2.65,394.59,01-02-2026
KreditBee #,2.44,142.33,01-02-2026
Flipkart UPI #,2.39,115.59,01-02-2026
Suryoday Bank Apps,2.37,13.3,01-02-2026
Punjab National Bank Apps,1.96,536.12,01-02-2026
Fi Money #,1.92,299.83,01-02-2026
Aditya Birla Capital Digital #,1.87,25.79,01-02-2026
Timepay #,1.23,21.55,01-02-2026
Omni Card,1.77,92.21,01-02-2026
Indian Bank Apps,1.45,455.61,01-02-2026
Bank of Baroda Apps,1.44,425.74,01-02-2026
Digikhata,1.31,472.46,01-02-2026
HSBC Bank Apps,1.25,148.32,01-02-2026
IndusInd Bank Apps,1.17,197.23,01-02-2026
NSDL Payments Bank Apps,0.96,277.82,01-02-2026
AU Small Finance Bank Apps,0.85,277.08,01-02-2026
Union Bank Apps,0.84,241.03,01-02-2026
South Indian Bank Apps,0.84,266.22,01-02-2026
Freo #,0.77,72.69,01-02-2026
Shri Ram One #,0.71,82.45,01-02-2026
Kredit Pe #,0.67,58.61,01-02-2026
Jar #,0.63,19.07,01-02-2026
UCO Bank Apps,0.57,161.22,01-02-2026
One Card #,0.57,684.4,01-02-2026
DBS Digibank Apps,0.55,205.24,01-02-2026
Fino Payments Bank Apps,0.52,51.55,01-02-2026
Salary Se #,0.48,38.44,01-02-2026
Central Bank of India Apps,0.47,165.55,01-02-2026
Rapipay,0.47,33.53,01-02-2026
Standard Chartered Bank Apps,0.46,109.71,01-02-2026
Spice Money,0.39,35.08,01-02-2026
ESAF Small Finance Bank Apps,0.35,38.36,01-02-2026
Tata Pay #,0.29,101.76,01-02-2026
Bank of India Apps,0.26,89.73,01-02-2026
Karnataka Bank Apps,0.26,63.38,01-02-2026
IDBI Bank Apps,0.19,94.62,01-02-2026
Obopay,0.19,30.31,01-02-2026
Saathi by PayNearBy #,0.19,23.54,01-02-2026
True Balance,0.19,6.55,01-02-2026
Dhani,0.19,8.16,01-02-2026
TwidPay #,0.14,14.73,01-02-2026
Karur Vysya Bank Apps,0.13,46.09,01-02-2026
Indian Overseas Bank Apps,0.12,37.83,01-02-2026
Payworld,0.12,10.68,01-02-2026
Tamilnad Mercantile Bank Apps,0.1,39,01-02-2026
City Union Bank Apps,0.08,28.59,01-02-2026
Cheq,0.08,7.5,01-02-2026
Bank of Maharashtra Apps,0.06,22.32,01-02-2026
Equitas Small Finance Bank Apps,0.06,16.45,01-02-2026
LXME #,0.05,3.78,01-02-2026
Curie Money #,0.05,2.96,01-02-2026
Ultracash #,0.05,3.72,01-02-2026
Unity Small Finance Bank Apps,0.05,11.21,01-02-2026
Fave,0.04,8.37,01-02-2026
ZET #,0.03,2.01,01-02-2026
Punjab Sind Bank Apps,0.03,12.71,01-02-2026
Others,3.04,246.36,01-02-2026
PhonePe,5734.54,906793.76,01-01-2024
Google Pay,4442.86,635945.58,01-01-2024
Paytm Payments Bank App,1569.63,192614.74,01-01-2024
Cred,108.86,38229.82,01-01-2024
Axis Bank Apps,80.17,5721.57,01-01-2024
Amazon Pay,59.48,6288.95,01-01-2024
ICICI Bank Apps,40.62,24115.98,01-01-2024
FAM,36.62,418.33,01-01-2024
HDFC Bank Apps,30.98,5475.95,01-01-2024
BHIM,29.98,8778.61,01-01-2024
Kotak Mahindra Bank Apps,28.24,4981.01,01-01-2024
WhatsApp,26.08,2132.83,01-01-2024
Yes Bank Apps,23.28,11618.77,01-01-2024
Bajaj Finserv,19.87,2737.66,01-01-2024
Airtel Payments Bank Apps,13.24,902.43,01-01-2024
Groww,9.41,6540.35,01-01-2024
State Bank of India Apps,6.13,2426.73,01-01-2024
Samsung Pay,5.73,518.32,01-01-2024
IDFC Bank Apps,5.47,1448.5,01-01-2024
Federal Bank Apps,5.33,674.05,01-01-2024
Mobikwik,5.19,1625.48,01-01-2024
Jupiter,4.97,665.54,01-01-2024
India Post Payments Bank Apps,4.69,461.95,01-01-2024
Deutsche Bank Apps,3.89,294.63,01-01-2024
Standard Chartered Bank Apps,3.68,746.46,01-01-2024
RBL Bank Apps,3.35,786.52,01-01-2024
Canara Bank Apps,2.62,758.31,01-01-2024
slice,2.01,407.98,01-01-2024
Jio Payments Bank Apps,1.51,137.62,01-01-2024
Punjab National Bank Apps,1.32,335.6,01-01-2024
Indian Bank Apps,1.29,322.39,01-01-2024
SLICE,1.26,41.97,01-01-2024
Omnicard,1.15,37.16,01-01-2024
Bank of Baroda Apps,1.14,516.58,01-01-2024
Union Bank Apps,1.11,451.7,01-01-2024
Navi,0.96,54.5,01-01-2024
Gokiwi,0.74,105.76,01-01-2024
DBS Digibank Apps,0.7,254.66,01-01-2024
Karnataka Bank Apps,0.67,144.11,01-01-2024
AU Small Finance Bank Apps,0.66,259.49,01-01-2024
Central Bank of India Apps,0.63,150.41,01-01-2024
Shriram One,0.59,31.86,01-01-2024
FIFEDERAL,0.47,57.15,01-01-2024
BPAYWALLET,0.43,88.49,01-01-2024
MBK,0.39,57.77,01-01-2024
South Indian Bank Apps,0.33,105.23,01-01-2024
Bank of India Apps,0.29,108.18,01-01-2024
Fino Payments bank Apps,0.29,31.67,01-01-2024
INDIE - Indus Ind,0.25,42.84,01-01-2024
UCO Bank Apps,0.21,76.62,01-01-2024
HSBC Bank Apps,0.2,118,01-01-2024
Tamilnad Mercantile Bank Apps,0.12,32.85,01-01-2024
Indian Overseas Bank Apps,0.11,29.92,01-01-2024
Ultracash,0.08,5.95,01-01-2024
Citi Bank Apps,0.08,79.39,01-01-2024
Digikhata,0.08,30.34,01-01-2024
TataNeu,0.08,11.48,01-01-2024
City Union Bank Apps,0.08,25.49,01-01-2024
IDBI Bank Apps,0.08,42.31,01-01-2024
Jupiter Edge (LivQuick PPI),0.05,14.71,01-01-2024
Karur Vysya Bank Apps,0.04,15.23,01-01-2024
NSDL Payments Bank Apps,0.04,5.77,01-01-2024
Bank of Maharashtra Apps,0.04,8.06,01-01-2024
DHANI,0.04,2.71,01-01-2024
PAYTMWALLET,0.03,3.11,01-01-2024
MakeMyTrip,0.03,15.48,01-01-2024
Equitas Small Finance Bank Apps,0.03,23.19,01-01-2024
Timepay,0.03,0.33,01-01-2024
Allahabad Bank Apps,0.03,6.51,01-01-2024
Other Apps,0.13,31.46,01-01-2024
CBDC Apps,0.88,48.08,01-01-2024
Phone Pe #,8102.44,1191303.98,01-01-2025
Google Pay #,6183.91,826845.07,01-01-2025
Paytm #,1152.34,126313.45,01-01-2025
Navi #,242.83,13221.33,01-01-2025
Cred #,137.44,49482.95,01-01-2025
Axis Bank Apps,126.62,7769.17,01-01-2025
super.money #,124.83,4565.57,01-01-2025
Amazon Pay #,99.95,9843.47,01-01-2025
FamApp by Trio #,79.01,896.25,01-01-2025
Whatsapp #,60.99,4550.41,01-01-2025
ICICI Bank Apps,58.23,18928.62,01-01-2025
Kotak Mahindra Bank Apps,53.71,7489.75,01-01-2025
HDFC Bank Apps,49.6,11086.42,01-01-2025
Yes Bank Apps,41.57,8877.26,01-01-2025
BHIM,33.88,9333.77,01-01-2025
Mobikwik #,23.66,3811.43,01-01-2025
Airtel Payments Bank Apps,20.96,1498.83,01-01-2025
Groww #,15.4,11200.31,01-01-2025
India Post Payments Bank Apps,12.57,1509.59,01-01-2025
State Bank of India Apps,12.49,3515.63,01-01-2025
IDFC Bank Apps,11.77,2283.04,01-01-2025
RBL Bank Apps,8.62,1418.15,01-01-2025
Samsung Pay #,8.57,608.41,01-01-2025
Bajaj Finserv #,8.19,1649.36,01-01-2025
POP UPI,8.1,431.96,01-01-2025
Slice #,7.88,569.95,01-01-2025
Flipkart UPI #,7.58,393.64,01-01-2025
Jupiter Money #,6.31,913.95,01-01-2025
Federal Bank Apps,4.3,744.89,01-01-2025
Jio Payments Bank Apps,3.66,293.42,01-01-2025
Punjab National Bank Apps,3.45,864.8,01-01-2025
Canara Bank Apps,3.36,884.57,01-01-2025
Deutsche Bank Apps,3.32,322.75,01-01-2025
Fi Money #,3.25,401.64,01-01-2025
Indian Bank Apps,2.07,437,01-01-2025
Timepay #,1.8,22.39,01-01-2025
Suryoday Bank Apps,1.74,323.72,01-01-2025
Jammu and Kashmir Bank Apps,1.62,212.89,01-01-2025
Omni Card,1.49,96,01-01-2025
Central Bank of India Apps,1.34,237.42,01-01-2025
Bank of Baroda Apps,1.23,442.03,01-01-2025
DBS Digibank Apps,1.13,225.49,01-01-2025
Aditya Birla Capital Digital #,0.93,39.03,01-01-2025
Kiwi #,0.82,141.6,01-01-2025
HSBC Bank Apps,0.82,201.79,01-01-2025
Union Bank Apps,0.75,257.23,01-01-2025
One Card #,0.7,799.37,01-01-2025
South Indian Bank Apps,0.65,192.73,01-01-2025
Digikhata,0.64,194.07,01-01-2025
Ind Money #,0.63,293.14,01-01-2025
Shri Ram One #,0.6,63.97,01-01-2025
Fino Payments Bank Apps,0.59,78.97,01-01-2025
AU Small Finance Bank Apps,0.5,154.35,01-01-2025
UCO Bank Apps,0.34,85.35,01-01-2025
Tata Neu #,0.3,89.22,01-01-2025
IndusInd Bank Apps,0.26,58.26,01-01-2025
Indian Overseas Bank Apps,0.25,66.56,01-01-2025
Karnataka Bank Apps,0.25,52.98,01-01-2025
ESAF Small Finance Bank Apps,0.24,26.7,01-01-2025
Bank of India Apps,0.24,78.25,01-01-2025
True Balance,0.23,9.01,01-01-2025
Bharat Pe #,0.21,19.64,01-01-2025
Standard Chartered Bank Apps,0.2,123.89,01-01-2025
Salary Se #,0.16,7.76,01-01-2025
Dhani,0.15,7.72,01-01-2025
Money View #,0.12,9.77,01-01-2025
Rapipay,0.11,13.96,01-01-2025
IDBI Bank Apps,0.11,41.84,01-01-2025
Niyo Global #,0.1,48.75,01-01-2025
Ultracash #,0.09,6.74,01-01-2025
Kredit.Pe #,0.09,11.04,01-01-2025
City Union Bank Apps,0.08,29.52,01-01-2025
Karur Vysya Bank Apps,0.08,29.32,01-01-2025
Tamilnad Mercantile Bank Apps,0.08,26.96,01-01-2025
Spice Money,0.08,7.67,01-01-2025
NSDL Payments Bank Apps,0.07,8.35,01-01-2025
Genwise #,0.05,29.81,01-01-2025
Bank of Maharashtra Apps,0.04,15.22,01-01-2025
Equitas Small Finance Bank Apps,0.04,28.47,01-01-2025
Cheq,0.03,2.39,01-01-2025
Punjab Sind Bank Apps,0.03,11.6,01-01-2025
Freo #,0.02,1.55,01-01-2025
Others,8.66,1373.16,01-01-2025
Samsung Pay #,11.21,752.03,01-01-2026
POP UPI,8.5,686.09,01-01-2026
Jio Payments Bank Apps,6.57,456.14,01-01-2026
Jupiter Money #,5.93,982.03,01-01-2026
Deutsche Bank Apps,5.29,853.4,01-01-2026
Flipkart UPI #,3.09,163.55,01-01-2026
Kiwi #,3.04,474.14,01-01-2026
Suryoday Bank Apps,3,6.05,01-01-2026
NSDL Payments Bank Apps,2.94,383.15,01-01-2026
Money View #,2.61,143.19,01-01-2026
Fi Money #,2.5,373.44,01-01-2026
Bharat Pe #,2.48,218.56,01-01-2026
Jammu and Kashmir Bank Apps,2.46,371.79,01-01-2026
KreditBee #,2.21,120.02,01-01-2026
Shri Ram One #,1.98,148.12,01-01-2026
Omni Card,1.94,121.46,01-01-2026
Punjab National Bank Apps,1.85,479.04,01-01-2026
Aditya Birla Capital Digital #,1.58,26.15,01-01-2026
Bank of Baroda Apps,1.57,438.51,01-01-2026
Timepay #,1.51,27.49,01-01-2026
Indian Bank Apps,1.49,449.01,01-01-2026
IndusInd Bank Apps,1.37,233.81,01-01-2026
Digikhata,1.35,465.91,01-01-2026
HSBC Bank Apps,1.26,154.21,01-01-2026
Union Bank Apps,0.99,286.52,01-01-2026
South Indian Bank Apps,0.92,289.61,01-01-2026
ESAF Small Finance Bank Apps,0.9,102.33,01-01-2026
AU Small Finance Bank Apps,0.86,282.32,01-01-2026
Kredit Pe #,0.66,60.31,01-01-2026
UCO Bank Apps,0.61,170.83,01-01-2026
One Card #,0.61,734.23,01-01-2026
DBS Digibank Apps,0.6,232.75,01-01-2026
Jar #,0.53,15.68,01-01-2026
Rapipay,0.5,40.91,01-01-2026
Central Bank of India Apps,0.48,165.59,01-01-2026
Fino Payments Bank Apps,0.46,46.59,01-01-2026
Standard Chartered Bank Apps,0.46,124.07,01-01-2026
Salary Se #,0.46,33.35,01-01-2026
Freo #,0.4,38.48,01-01-2026
Spice Money,0.39,35.36,01-01-2026
Oxymoney,0.37,1.71,01-01-2026
Tata Pay #,0.35,127.17,01-01-2026
Bank of India Apps,0.34,110.33,01-01-2026
Karnataka Bank Apps,0.29,69.24,01-01-2026
Dhani,0.21,9.1,01-01-2026
True Balance,0.21,7.27,01-01-2026
IDBI Bank Apps,0.2,97.89,01-01-2026
Obopay,0.18,28.32,01-01-2026
Indian Overseas Bank Apps,0.18,51.36,01-01-2026
Saathi by PayNearBy #,0.17,19.74,01-01-2026
Karur Vysya Bank Apps,0.14,49.25,01-01-2026
Payworld,0.11,10.57,01-01-2026
Tamilnad Mercantile Bank Apps,0.11,41.01,01-01-2026
TwidPay #,0.1,12.15,01-01-2026
Bank of Maharashtra Apps,0.07,25.7,01-01-2026
Cheq,0.07,6.43,01-01-2026
City Union Bank Apps,0.07,28.62,01-01-2026
Equitas Small Finance Bank Apps,0.06,14.87,01-01-2026
Curie Money,0.05,3.14,01-01-2026
Unity Small Finance Bank Apps,0.05,15.24,01-01-2026
Ultracash #,0.05,3.61,01-01-2026
LXME #,0.04,3.33,01-01-2026
Fave,0.04,7.47,01-01-2026
Punjab Sind Bank Apps,0.03,15.58,01-01-2026
Others,2.98,260.65,01-01-2026
PhonePe #,6983.97,1028799.39,01-07-2024
Google Pay #,5341.23,735159.2,01-07-2024
Paytm (OCL ) #,1128.97,123467.33,01-07-2024
Cred #,142.56,48998.89,01-07-2024
Axis Bank Apps,108.57,6335.06,01-07-2024
Amazon Pay #,72.41,7995.92,01-07-2024
Navi #,68.47,3574.61,01-07-2024
ICICI Bank Apps,52.91,28529.39,01-07-2024
Fampay by Trio #,52.04,639.44,01-07-2024
Kotak Mahindra Bank Apps,44.8,6488.28,01-07-2024
WhatsApp #,41.39,3215.18,01-07-2024
HDFC Bank Apps,35.28,8747.5,01-07-2024
BHIM,24.64,8756.73,01-07-2024
Yes Bank Apps,24.08,9583.2,01-07-2024
Airtel Payments Bank Apps,17.48,1210.32,01-07-2024
Groww #,15.18,12129.34,01-07-2024
Bajaj Finserv #,9.9,2309.58,01-07-2024
Slice #,9.41,708.27,01-07-2024
Mobikwik #,9.11,2431.73,01-07-2024
State Bank of India Apps,8.06,2691.74,01-07-2024
IDFC Bank Apps,7.63,1725.98,01-07-2024
Flipkart UPI #,7.12,422.36,01-07-2024
Samsung Pay #,6.6,558.51,01-07-2024
India Post Payments Bank Apps,6.43,826.31,01-07-2024
Federal Bank Apps,5.95,848.66,01-07-2024
Jupiter Money #,5.76,781.04,01-07-2024
Canara Bank Apps,3.04,834.74,01-07-2024
Federal Bank Apps,2.68,460.69,01-07-2024
Jio Payments Bank Apps,2.53,199.65,01-07-2024
super.money #,2.5,75.7,01-07-2024
Deutsche Bank Apps,2.44,344.53,01-07-2024
Timepay #,2.16,20.52,01-07-2024
Punjab National Bank Apps,2.15,563.99,01-07-2024
Indian Bank Apps,1.95,344.83,01-07-2024
RBL Bank Apps,1.46,354.77,01-07-2024
Union Bank Apps,1.28,530.92,01-07-2024
Omnicard #,1.2,54.57,01-07-2024
Bank of Baroda Apps,1.07,477.99,01-07-2024
Jammu and Kashmir Bank Apps,0.87,111.92,01-07-2024
Central Bank of India Apps,0.83,180.98,01-07-2024
AU Small Finance Bank Apps,0.66,202.05,01-07-2024
South Indian Bank Apps,0.56,159.32,01-07-2024
DBS Digibank Apps,0.53,206.03,01-07-2024
POP UPI,0.45,34.71,01-07-2024
Fino Payments bank Apps,0.44,58.11,01-07-2024
HSBC Bank Apps,0.44,152.15,01-07-2024
IndusInd Bank Apps,0.38,101.12,01-07-2024
Shri Ram One #,0.3,35.64,01-07-2024
Digikhata #,0.26,83.11,01-07-2024
UCO Bank Apps,0.24,69.95,01-07-2024
Karnataka Bank Apps,0.19,39.14,01-07-2024
Standard Chartered Bank Apps,0.17,116.72,01-07-2024
TataNeu #,0.17,26.16,01-07-2024
Indian Overseas Bank Apps,0.15,45.13,01-07-2024
Kiwi,0.15,30.35,01-07-2024
Suryoday Bank Apps,0.13,0.03,01-07-2024
Dhani #,0.11,15.91,01-07-2024
Ultracash #,0.1,7.35,01-07-2024
Bank of India Apps,0.08,20.12,01-07-2024
Tamilnad Mercantile Bank Apps,0.08,24.19,01-07-2024
City Union Bank Apps,0.08,28.82,01-07-2024
IDBI Bank Apps,0.08,32.92,01-07-2024
Aditya Birla Capital Digital Limited,0.08,3.7,01-07-2024
NSDL Payments Bank Apps,0.07,10.63,01-07-2024
Citi Bank Apps,0.07,34.54,01-07-2024
Bank of Maharashtra Apps,0.06,13.27,01-07-2024
Niyo Global #,0.06,28.59,01-07-2024
Karur Vysya Bank Apps,0.06,20.69,01-07-2024
Rapi Pay #,0.04,5.95,01-07-2024
Equitas Small Finance Bank Apps,0.04,28.2,01-07-2024
Punjab Sind Bank Apps,0.03,14.96,01-07-2024
Allahabad Bank Apps,0.02,5.19,01-07-2024
Other Apps,1.48,195.85,01-07-2024
Navi #,444.06,23562.51,01-07-2025
super.money #,252.85,9018.71,01-07-2025
Cred #,144.38,55259.9,01-07-2025
FamApp by Trio #,125,1563.58,01-07-2025
Axis Bank Apps,123.44,9773.39,01-07-2025
Amazon Pay #,100.53,10813.98,01-07-2025
BHIM,87.13,14522.39,01-07-2025
Whatsapp #,74.6,5412.58,01-07-2025
ICICI Bank Apps,71.33,17102.36,01-07-2025
Kotak Mahindra Bank Apps,66.63,8497.73,01-07-2025
HDFC Bank Apps,64.97,15430.59,01-07-2025
POP UPI,63.63,1539.48,01-07-2025
Yes Bank Apps,55.6,9491.62,01-07-2025
Mobikwik #,43.17,5578.43,01-07-2025
Airtel Payments Bank Apps,21.34,1509.17,01-07-2025
Slice Small Finance Bank Apps,19.83,2586.22,01-07-2025
India Post Payments Bank Apps,18.16,1759.02,01-07-2025
IDFC Bank Apps,18.08,2707.93,01-07-2025
Groww #,14.06,11012.81,01-07-2025
State Bank of India Apps,12.26,3633.07,01-07-2025
Bajaj Finserv,10.87,2516.08,01-07-2025
Samsung Pay #,9.34,669.72,01-07-2025
RBL Bank Apps,8.54,1388.7,01-07-2025
Jupiter Money #,6.3,981.5,01-07-2025
Federal Bank Apps,5.86,1163.18,01-07-2025
Jio Payments Bank Apps,4.47,306.58,01-07-2025
Deutsche Bank Apps,4.43,770.63,01-07-2025
Canara Bank Apps,4.05,1018.59,01-07-2025
Punjab National Bank Apps,3.67,980.66,01-07-2025
Timepay #,3.14,47.4,01-07-2025
Kiwi #,2.85,323.87,01-07-2025
Fi Money #,2.84,400.92,01-07-2025
NSDL Payments Bank Apps,2.78,110.25,01-07-2025
Flipkart UPI #,2.7,155.64,01-07-2025
Jammu and Kashmir Bank Apps,2.62,343.24,01-07-2025
Shri Ram One,2.38,155.72,01-07-2025
Bank of Baroda Apps,2.01,529.28,01-07-2025
Ind Money #,1.86,730.24,01-07-2025
Omni Card,1.73,98.15,01-07-2025
IndusInd Bank Apps,1.26,178.71,01-07-2025
Indian Bank Apps,1.11,255.91,01-07-2025
HSBC Bank Apps,1.09,135.52,01-07-2025
Suryoday Bank Apps,1.06,151.82,01-07-2025
Digikhata,1.01,320.5,01-07-2025
Standard Chartered Bank Apps,0.99,150.81,01-07-2025
Bharat Pe #,0.92,62.45,01-07-2025
DBS Digibank Apps,0.88,222.49,01-07-2025
Central Bank of India Apps,0.86,186.24,01-07-2025
South Indian Bank Apps,0.83,240.25,01-07-2025
Union Bank Apps,0.79,259.13,01-07-2025
One Card #,0.78,918.16,01-07-2025
Money View #,0.71,64.31,01-07-2025
AU Small Finance Bank Apps,0.65,201.78,01-07-2025
Kredit Pe #,0.6,54.67,01-07-2025
ESAF Small Finance Bank Apps,0.59,64.58,01-07-2025
UCO Bank Apps,0.57,140.44,01-07-2025
Fino Payments Bank Apps,0.55,55.18,01-07-2025
Salary Se #,0.5,22.32,01-07-2025
Tata Pay #,0.49,144.2,01-07-2025
Aditya Birla Capital Digital,0.39,23.14,01-07-2025
Bank of India Apps,0.31,95.7,01-07-2025
Indian Overseas Bank Apps,0.29,69.35,01-07-2025
Karnataka Bank Apps,0.26,61.44,01-07-2025
Spice Money,0.26,21.44,01-07-2025
Rapipay,0.22,23.19,01-07-2025
Dhani,0.2,8.73,01-07-2025
IDBI Bank Apps,0.16,60.93,01-07-2025
True Balance,0.13,4.22,01-07-2025
Ultracash #,0.11,7.7,01-07-2025
Karur Vysya Bank Apps,0.11,38.44,01-07-2025
Obopay,0.11,15.31,01-07-2025
Tamilnad Mercantile Bank Apps,0.1,33.72,01-07-2025
Niyo Global #,0.08,20.06,01-07-2025
City Union Bank Apps,0.07,27.83,01-07-2025
Unity Small Finance Bank Apps,0.07,16.97,01-07-2025
Freo #,0.04,2.57,01-07-2025
Payworld,0.04,3.27,01-07-2025
Utkarsh Small Finance Bank Apps,0.02,3.19,01-07-2025
Bank of Maharashtra Apps,0.02,8.09,01-07-2025
Jar #,0.02,0.5,01-07-2025
Punjab Sind Bank Apps,0.02,7.28,01-07-2025
Others,2.31,244.14,01-07-2025
PhonePe #,6716.09,1009064.99,01-06-2024
Google Pay #,5103.99,707241.27,01-06-2024
Paytm,1104.89,120840.45,01-06-2024
Cred #,138.42,45720.01,01-06-2024
Axis Bank Apps,75.07,6614.04,01-06-2024
Amazon Pay #,67.07,7377.3,01-06-2024
ICICI Bank Apps,51.65,29996.18,01-06-2024
FamApp by Trio #,50.78,641.36,01-06-2024
Kotak Mahindra Bank Apps,42.65,6073.08,01-06-2024
WhatsApp #,37.18,2923.79,01-06-2024
Navi #,35.72,1769.66,01-06-2024
HDFC Bank Apps,34.6,8167.3,01-06-2024
BHIM,22.72,7965.69,01-06-2024
Yes Bank Apps,22.55,9317.05,01-06-2024
Airtel Payments Bank Apps,15.76,1192.07,01-06-2024
Mobikwik #,11.59,2564.79,01-06-2024
Groww #,11.26,9094.72,01-06-2024
Bajaj Finserv #,8.23,1852.43,01-06-2024
Slice #,7.86,634.47,01-06-2024
IDFC Bank Apps,7.33,1654.91,01-06-2024
State Bank of India Apps,7.22,2426.08,01-06-2024
Samsung Pay #,6.38,542.12,01-06-2024
India Post Payments Bank Apps,6.01,732.1,01-06-2024
Flipkart UPI #,5.97,337.24,01-06-2024
Federal Bank Apps,5.67,790.57,01-06-2024
Jupiter Money #,5.63,750.68,01-06-2024
Canara Bank Apps,2.88,793.85,01-06-2024
Jio Payments Bank Apps,2.33,186.62,01-06-2024
Deutsche Bank Apps,2.25,334.12,01-06-2024
Timepay #,1.82,20.2,01-06-2024
Punjab National Bank Apps,1.8,472.48,01-06-2024
RBL Bank Apps,1.75,785.07,01-06-2024
Indian Bank Apps,1.73,330.47,01-06-2024
OmniCard #,1.28,53.41,01-06-2024
Union Bank Apps,1.06,461.02,01-06-2024
Bank of Baroda Apps,1.03,450.62,01-06-2024
Central Bank of India Apps,0.83,188.63,01-06-2024
AU Small Finance Bank Apps,0.76,227.63,01-06-2024
Jammu and Kashmir Bank Apps,0.75,97.58,01-06-2024
DBS Digibank Apps,0.5,198.68,01-06-2024
South Indian Bank Apps,0.49,144.78,01-06-2024
IndusInd Bank Apps,0.43,117.86,01-06-2024
Fino Payments bank Apps,0.41,55.79,01-06-2024
HSBC Bank Apps,0.4,148.09,01-06-2024
Shriram One #,0.28,37.04,01-06-2024
UCO Bank Apps,0.22,67.4,01-06-2024
Digikhata #,0.19,63.31,01-06-2024
Karnataka Bank Apps,0.18,33.55,01-06-2024
Standard Chartered Bank Apps,0.17,117.35,01-06-2024
TataNeu #,0.16,23.31,01-06-2024
Kiwi #,0.15,31.43,01-06-2024
Suryoday,0.14,0.02,01-06-2024
Indian Overseas Bank Apps,0.13,37.62,01-06-2024
super.money #,0.13,5.04,01-06-2024
Dhani,0.11,13.84,01-06-2024
Bank of India Apps,0.1,38.05,01-06-2024
Ultracash #,0.09,6.51,01-06-2024
Tamilnad Mercantile Bank Apps,0.08,26.21,01-06-2024
City Union Bank Apps,0.08,28.66,01-06-2024
POPClub #,0.07,4.87,01-06-2024
Citi Bank Apps,0.07,70.51,01-06-2024
Aditya Birla Capital Digital #,0.07,3.45,01-06-2024
IDBI Bank Apps,0.07,27.06,01-06-2024
NSDL Payments Bank Apps,0.06,10.09,01-06-2024
Bank of Maharashtra Apps,0.05,11.11,01-06-2024
Karur Vysya Bank Apps,0.05,18.73,01-06-2024
Niyo Global #,0.05,24.78,01-06-2024
Equitas Small Finance Bank Apps,0.04,26.25,01-06-2024
Punjab Sind Bank Apps,0.03,12.38,01-06-2024
Other Apps,1.54,184.11,01-06-2024
Navi #,406.01,21814.51,01-06-2025
super.money #,218.96,7716.48,01-06-2025
Cred #,138.32,51384.11,01-06-2025
Axis Bank Apps,126.27,9388.51,01-06-2025
FamApp by Trio #,112.75,1439.64,01-06-2025
Amazon Pay #,93.25,9942.48,01-06-2025
BHIM,73.07,11725.85,01-06-2025
Whatsapp #,67.48,4989.34,01-06-2025
HDFC Bank Apps,67.46,14297.8,01-06-2025
ICICI Bank Apps,61.82,15983.92,01-06-2025
Kotak Mahindra Bank Apps,60.36,7735.27,01-06-2025
Yes Bank Apps,52.55,8917.32,01-06-2025
Mobikwik #,34.43,4600.71,01-06-2025
POP UPI,32.33,834.39,01-06-2025
Airtel Payments Bank Apps,19.74,1368.2,01-06-2025
Slice Small Finance Bank Apps,17.76,2317.46,01-06-2025
IDFC Bank Apps,17.44,2481.31,01-06-2025
India Post Payments Bank Apps,16.65,1730.46,01-06-2025
State Bank of India Apps,13.35,3591.53,01-06-2025
Groww #,12.46,8801.55,01-06-2025
Bajaj Finserv,11.4,2351.65,01-06-2025
RBL Bank Apps,10.7,1587.67,01-06-2025
Samsung Pay #,8.81,624.29,01-06-2025
Jupiter Money #,5.99,905.62,01-06-2025
Federal Bank Apps,5.22,1006.22,01-06-2025
Jio Payments Bank Apps,4.26,308.69,01-06-2025
Deutsche Bank Apps,4.02,723.95,01-06-2025
Timepay #,3.96,50.49,01-06-2025
Canara Bank Apps,3.49,911.93,01-06-2025
Punjab National Bank Apps,3.46,917.08,01-06-2025
Kiwi #,3.43,385.72,01-06-2025
Fi Money #,2.75,375.21,01-06-2025
Flipkart UPI #,2.52,144.64,01-06-2025
Jammu and Kashmir Bank Apps,2.41,316.86,01-06-2025
Shri Ram One #,2.16,144.64,01-06-2025
Bank of Baroda Apps,1.77,497.24,01-06-2025
Standard Chartered Bank Apps,1.74,165.08,01-06-2025
Omni Card,1.62,93.83,01-06-2025
Ind Money #,1.41,558.23,01-06-2025
IndusInd Bank Apps,1.31,173.24,01-06-2025
NSDL Payments Bank Apps,1.19,48.41,01-06-2025
HSBC Bank Apps,1.02,122.16,01-06-2025
Central Bank of India Apps,0.93,186.91,01-06-2025
Suryoday Bank Apps,0.9,121.41,01-06-2025
Digikhata,0.88,287.21,01-06-2025
DBS Digibank Apps,0.87,222.97,01-06-2025
Indian Bank Apps,0.87,203.68,01-06-2025
Union Bank Apps,0.74,236.2,01-06-2025
South Indian Bank Apps,0.73,208.33,01-06-2025
One Card #,0.73,834.56,01-06-2025
AU Small Finance Bank Apps,0.62,184.72,01-06-2025
ESAF Small Finance Bank Apps,0.57,58,01-06-2025
Fino Payments Bank Apps,0.54,53.51,01-06-2025
Bharat Pe #,0.54,46.14,01-06-2025
UCO Bank Apps,0.51,125.51,01-06-2025
Tata Pay #,0.47,134.16,01-06-2025
Salary Se #,0.46,21.59,01-06-2025
Kredit Pe #,0.43,42,01-06-2025
Aditya Birla Capital Digital #,0.37,42.7,01-06-2025
Money View #,0.34,38.22,01-06-2025
Indian Overseas Bank Apps,0.28,67.04,01-06-2025
Bank of India Apps,0.28,82.52,01-06-2025
Karnataka Bank Apps,0.25,57.35,01-06-2025
Spice Money,0.2,14.16,01-06-2025
Rapipay,0.17,19.48,01-06-2025
Dhani,0.17,7.65,01-06-2025
IDBI Bank Apps,0.14,49.11,01-06-2025
Ultracash #,0.1,7.45,01-06-2025
Karur Vysya Bank Apps,0.1,35.57,01-06-2025
Tamilnad Mercantile Bank Apps,0.09,32.85,01-06-2025
Obopay,0.08,11.38,01-06-2025
City Union Bank Apps,0.08,29.99,01-06-2025
True Balance,0.07,2.2,01-06-2025
Unity Small Finance Bank Apps,0.07,16.01,01-06-2025
Niyo Global #,0.06,14.82,01-06-2025
Freo #,0.03,2.23,01-06-2025
Payworld,0.03,1.96,01-06-2025
Bank of Maharashtra Apps,0.02,8.31,01-06-2025
Others,2.06,243.61,01-06-2025
Samsung Pay #,11,743.38,01-03-2024
Jio Payments Bank Apps,7.77,509.61,01-03-2024
POP UPI #,7.38,571.1,01-03-2024
Jupiter Money #,5.7,944.9,01-03-2024
Deutsche Bank Apps,5.08,875.42,01-03-2024
Money View #,3.82,244.73,01-03-2024
KreditBee #,3.68,179.15,01-03-2024
Others,3.55,334.75,01-03-2024
Jammu and Kashmir Bank Apps,3.08,489.39,01-03-2024
Kiwi #,2.79,500.02,01-03-2024
Suryoday Bank Apps,2.78,13.52,01-03-2024
Flipkart UPI #,2.69,124.89,01-03-2024
Bharat Pe #,2.62,247.83,01-03-2024
Omni Card,1.94,101.77,01-03-2024
Fi Money #,1.92,330.74,01-03-2024
Indian Bank Apps,1.69,511.01,01-03-2024
Aditya Birla Capital Digital #,1.66,28.46,01-03-2024
Bank of Baroda Apps,1.65,510.66,01-03-2024
Punjab National Bank Apps,1.61,442.44,01-03-2024
HSBC Bank Apps,1.55,186.24,01-03-2024
Digikhata,1.49,539.13,01-03-2024
Timepay #,1.34,25.98,01-03-2024
IndusInd Bank Apps,1.21,208.26,01-03-2024
Freo #,1.21,113.58,01-03-2024
Union Bank Apps,1,302.43,01-03-2024
AU Small Finance Bank Apps,0.97,316.74,01-03-2024
South Indian Bank Apps,0.91,303.5,01-03-2024
Jar #,0.82,24.98,01-03-2024
Kredit Pe #,0.76,65.4,01-03-2024
Fino Payments Bank Apps,0.71,65.29,01-03-2024
UCO Bank Apps,0.63,179.36,01-03-2024
One Card #,0.61,764.55,01-03-2024
Salary Se #,0.6,53.47,01-03-2024
DBS Digibank Apps,0.58,220.76,01-03-2024
Shri Ram One #,0.55,73.76,01-03-2024
Rapipay,0.54,33.28,01-03-2024
Standard Chartered Bank Apps,0.51,141.43,01-03-2024
Central Bank of India Apps,0.5,186.01,01-03-2024
Spice Money,0.45,39.06,01-03-2024
Saathi by PayNearBy #,0.33,38.42,01-03-2024
Bank of India Apps,0.33,118.47,01-03-2024
Tata Pay #,0.31,90.6,01-03-2024
NSDL Payments Bank Apps,0.27,210.13,01-03-2024
IDBI Bank Apps,0.23,114.74,01-03-2024
Karnataka Bank Apps,0.22,60.16,01-03-2024
Obopay,0.22,35.03,01-03-2024
Dhani,0.19,8.95,01-03-2024
True Balance,0.18,6.33,01-03-2024
Karur Vysya Bank Apps,0.14,51.74,01-03-2024
TwidPay #,0.14,14.32,01-03-2024
Payworld,0.11,10.23,01-03-2024
Tamilnad Mercantile Bank Apps,0.11,45.11,01-03-2024
City Union Bank Apps,0.11,33.64,01-03-2024
ESAF Small Finance Bank Apps,0.1,11.52,01-03-2024
Indian Overseas Bank Apps,0.1,33.63,01-03-2024
Cheq,0.08,7.18,01-03-2024
Bank of Maharashtra Apps,0.08,30.38,01-03-2024
Equitas Small Finance Bank Apps,0.07,19.58,01-03-2024
Curie Money #,0.06,3.89,01-03-2024
Fave,0.06,10.78,01-03-2024
Unity Small Finance Bank Apps,0.06,15.04,01-03-2024
Ultracash #,0.05,3.97,01-03-2024
LXME #,0.05,4.01,01-03-2024
ZET #,0.03,2.53,01-03-2024
Punjab Sind Bank Apps,0.03,13.83,01-03-2024
Phone Pe #,8647.78,1257075.54,01-03-2025
Google Pay #,6596.76,866568.18,01-03-2025
Paytm #,1221.12,132912.04,01-03-2025
Navi #,324.42,18018.65,01-03-2025
super.money #,171.75,5933.08,01-03-2025
Axis Bank Apps,145.78,9966.53,01-03-2025
Cred #,144.82,55091.22,01-03-2025
Amazon Pay #,111.06,10606.66,01-03-2025
FamApp by Trio #,89.94,1099.28,01-03-2025
ICICI Bank Apps,67.63,16696.94,01-03-2025
Whatsapp #,66.23,4958.25,01-03-2025
HDFC Bank Apps,60.94,11789.9,01-03-2025
Kotak Mahindra Bank Apps,57.05,7737.14,01-03-2025
BHIM,46.13,9540.09,01-03-2025
Yes Bank Apps,44.03,9388.85,01-03-2025
Mobikwik #,29.8,4414,01-03-2025
Airtel Payments Bank Apps,21.63,1487.89,01-03-2025
Slice #,17.41,2069.31,01-03-2025
India Post Payments Bank Apps,16.58,1941.73,01-03-2025
IDFC Bank Apps,14.53,2486.08,01-03-2025
State Bank of India Apps,12.61,3418.04,01-03-2025
RBL Bank Apps,12.59,1741.69,01-03-2025
Groww #,11.63,7009.63,01-03-2025
Bajaj Finserv #,9.66,1892.01,01-03-2025
Samsung Pay #,8.95,642.73,01-03-2025
POP UPI,8.53,449.95,01-03-2025
Jupiter Money #,6.49,958.52,01-03-2025
Federal Bank Apps,4.75,869.77,01-03-2025
Flipkart UPI #,4.72,257.82,01-03-2025
Jio Payments Bank Apps,4.08,318.2,01-03-2025
Canara Bank Apps,3.75,975.91,01-03-2025
Deutsche Bank Apps,3.62,532.05,01-03-2025
Punjab National Bank Apps,3.38,898.95,01-03-2025
Fi Money #,3.25,434.16,01-03-2025
Timepay #,3.07,37.66,01-03-2025
Bank of Baroda Apps,2.11,588.95,01-03-2025
IndusInd Bank Apps,2.04,346,01-03-2025
Shri Ram One #,1.75,116.77,01-03-2025
Jammu and Kashmir Bank Apps,1.75,261.45,01-03-2025
Omni Card,1.59,86.51,01-03-2025
Central Bank of India Apps,1.57,268,01-03-2025
Kiwi #,1.41,213.93,01-03-2025
Suryoday Bank Apps,1.26,178.92,01-03-2025
Bharat Pe #,1.07,68.67,01-03-2025
DBS Digibank Apps,1.02,230.21,01-03-2025
HSBC Bank Apps,1,224.84,01-03-2025
Ind Money #,0.95,436.8,01-03-2025
Aditya Birla Capital Digital #,0.88,39.97,01-03-2025
One Card #,0.82,973,01-03-2025
Digikhata,0.8,258.58,01-03-2025
Union Bank Apps,0.72,241.09,01-03-2025
South Indian Bank Apps,0.68,204.88,01-03-2025
Indian Bank Apps,0.64,176.18,01-03-2025
AU Small Finance Bank Apps,0.59,174.06,01-03-2025
Fino Payments Bank Apps,0.58,63.84,01-03-2025
Standard Chartered Bank Apps,0.5,146.46,01-03-2025
UCO Bank Apps,0.44,110.34,01-03-2025
Tata Neu #,0.38,111.95,01-03-2025
ESAF Small Finance Bank Apps,0.38,40.78,01-03-2025
Salary Se #,0.36,18.23,01-03-2025
Bank of India Apps,0.27,86.1,01-03-2025
Indian Overseas Bank Apps,0.26,60.29,01-03-2025
Karnataka Bank Apps,0.25,57.72,01-03-2025
Kredit.Pe #,0.19,26.43,01-03-2025
Money View #,0.18,18.99,01-03-2025
Dhani,0.17,8.44,01-03-2025
Spice Money,0.16,12.87,01-03-2025
Rapipay,0.14,17.08,01-03-2025
IDBI Bank Apps,0.13,45.74,01-03-2025
Ultracash #,0.11,8.67,01-03-2025
Niyo Global #,0.11,54.39,01-03-2025
True Balance,0.1,3.41,01-03-2025
Karur Vysya Bank Apps,0.09,33.66,01-03-2025
City Union Bank Apps,0.09,31.31,01-03-2025
Tamilnad Mercantile Bank Apps,0.08,29.48,01-03-2025
Genwise #,0.07,28.34,01-03-2025
Freo #,0.05,3.87,01-03-2025
NSDL Payments Bank Apps,0.04,5.54,01-03-2025
Cheq,0.03,2.43,01-03-2025
Bank of Maharashtra Apps,0.03,9.11,01-03-2025
Punjab Sind Bank Apps,0.03,9.19,01-03-2025
Others,2.26,254.93,01-03-2025
Samsung Pay #,11,743.38,01-03-2026
Jio Payments Bank Apps,7.77,509.61,01-03-2026
POP UPI #,7.38,571.1,01-03-2026
Jupiter Money #,5.7,944.9,01-03-2026
Deutsche Bank Apps,5.08,875.42,01-03-2026
Money View #,3.82,244.73,01-03-2026
KreditBee #,3.68,179.15,01-03-2026
Others,3.55,334.75,01-03-2026
Jammu and Kashmir Bank Apps,3.08,489.39,01-03-2026
Kiwi #,2.79,500.02,01-03-2026
Suryoday Bank Apps,2.78,13.52,01-03-2026
Flipkart UPI #,2.69,124.89,01-03-2026
Bharat Pe #,2.62,247.83,01-03-2026
Omni Card,1.94,101.77,01-03-2026
Fi Money #,1.92,330.74,01-03-2026
Indian Bank Apps,1.69,511.01,01-03-2026
Aditya Birla Capital Digital #,1.66,28.46,01-03-2026
Bank of Baroda Apps,1.65,510.66,01-03-2026
Punjab National Bank Apps,1.61,442.44,01-03-2026
HSBC Bank Apps,1.55,186.24,01-03-2026
Digikhata,1.49,539.13,01-03-2026
Timepay #,1.34,25.98,01-03-2026
IndusInd Bank Apps,1.21,208.26,01-03-2026
Freo #,1.21,113.58,01-03-2026
Union Bank Apps,1,302.43,01-03-2026
AU Small Finance Bank Apps,0.97,316.74,01-03-2026
South Indian Bank Apps,0.91,303.5,01-03-2026
Jar #,0.82,24.98,01-03-2026
Kredit Pe #,0.76,65.4,01-03-2026
Fino Payments Bank Apps,0.71,65.29,01-03-2026
UCO Bank Apps,0.63,179.36,01-03-2026
One Card #,0.61,764.55,01-03-2026
Salary Se #,0.6,53.47,01-03-2026
DBS Digibank Apps,0.58,220.76,01-03-2026
Shri Ram One #,0.55,73.76,01-03-2026
Rapipay,0.54,33.28,01-03-2026
Standard Chartered Bank Apps,0.51,141.43,01-03-2026
Central Bank of India Apps,0.5,186.01,01-03-2026
Spice Money,0.45,39.06,01-03-2026
Saathi by PayNearBy #,0.33,38.42,01-03-2026
Bank of India Apps,0.33,118.47,01-03-2026
Tata Pay #,0.31,90.6,01-03-2026
NSDL Payments Bank Apps,0.27,210.13,01-03-2026
IDBI Bank Apps,0.23,114.74,01-03-2026
Karnataka Bank Apps,0.22,60.16,01-03-2026
Obopay,0.22,35.03,01-03-2026
Dhani,0.19,8.95,01-03-2026
True Balance,0.18,6.33,01-03-2026
Karur Vysya Bank Apps,0.14,51.74,01-03-2026
TwidPay #,0.14,14.32,01-03-2026
Payworld,0.11,10.23,01-03-2026
Tamilnad Mercantile Bank Apps,0.11,45.11,01-03-2026
City Union Bank Apps,0.11,33.64,01-03-2026
ESAF Small Finance Bank Apps,0.1,11.52,01-03-2026
Indian Overseas Bank Apps,0.1,33.63,01-03-2026
Cheq,0.08,7.18,01-03-2026
Bank of Maharashtra Apps,0.08,30.38,01-03-2026
Equitas Small Finance Bank Apps,0.07,19.58,01-03-2026
Curie Money #,0.06,3.89,01-03-2026
Fave,0.06,10.78,01-03-2026
Unity Small Finance Bank Apps,0.06,15.04,01-03-2026
Ultracash #,0.05,3.97,01-03-2026
LXME #,0.05,4.01,01-03-2026
ZET #,0.03,2.53,01-03-2026
Punjab Sind Bank Apps,0.03,13.83,01-03-2026
PhonePe,6831.92,1033588.8,01-05-2024
Google Pay,5219.56,723315.7,01-05-2024
Paytm (OCL),1140.01,124704.8,01-05-2024
Cred,140.08,47547.15,01-05-2024
Amazon Pay,68.34,7419.41,01-05-2024
Axis Bank Apps,64.08,5910.2,01-05-2024
ICICI Bank Apps,52.1,28444.03,01-05-2024
FamApp by Trio,50.1,630.89,01-05-2024
Kotak Mahindra Bank Apps,43.41,6178.23,01-05-2024
WhatsApp,36.45,2938.72,01-05-2024
HDFC Bank Apps,35.43,8104.44,01-05-2024
Navi,29.72,958.09,01-05-2024
BHIM,23.43,8095.99,01-05-2024
Yes Bank Apps,22.75,10971.64,01-05-2024
Airtel Payments Bank Apps,17.29,1330.15,01-05-2024
Mobikwik,11.12,2536.09,01-05-2024
Groww,10.15,7086.12,01-05-2024
Bajaj Finserv,9.55,1685.51,01-05-2024
Slice,9.05,646.12,01-05-2024
State Bank of India Apps,7.12,2494.2,01-05-2024
IDFC Bank Apps,6.99,1690.27,01-05-2024
Samsung Pay,6.56,547.28,01-05-2024
Jupiter,6.07,769.1,01-05-2024
Federal Bank Apps,5.95,811.83,01-05-2024
India Post Payments Bank Apps,5.67,703.81,01-05-2024
Flipkart,4.44,251.85,01-05-2024
Canara Bank Apps,3.06,828.58,01-05-2024
Deutsche Bank Apps,2.34,369.42,01-05-2024
RBL Bank Apps,2.24,931.34,01-05-2024
Jio Payments Bank Apps,2.02,170.98,01-05-2024
Punjab National Bank Apps,1.74,444.5,01-05-2024
Timepay,1.61,17.69,01-05-2024
Indian Bank Apps,1.55,329.58,01-05-2024
OmniCard,1.24,45.65,01-05-2024
Union Bank Apps,1.19,505.24,01-05-2024
Bank of Baroda Apps,1.02,463.85,01-05-2024
Central Bank of India Apps,0.95,213.29,01-05-2024
AU Small Finance Bank Apps,0.82,249.6,01-05-2024
DBS Digibank Apps,0.48,193.09,01-05-2024
South Indian Bank Apps,0.47,141.47,01-05-2024
Jammu and Kashmir Bank Apps,0.43,64.02,01-05-2024
Fino Payments bank Apps,0.38,53.86,01-05-2024
HSBC Bank Apps,0.37,144.11,01-05-2024
IndusInd Bank Apps,0.36,74.41,01-05-2024
Shriram One,0.29,36.28,01-05-2024
Bank of India Apps,0.21,81.09,01-05-2024
UCO Bank Apps,0.2,65.61,01-05-2024
Kiwi,0.18,36.03,01-05-2024
TataNeu,0.18,25.1,01-05-2024
Standard Chartered Bank Apps,0.16,114.42,01-05-2024
Digikhata,0.16,52.29,01-05-2024
Karnataka Bank Apps,0.16,30,01-05-2024
Indian Overseas Bank Apps,0.12,34.43,01-05-2024
Dhani,0.11,13.12,01-05-2024
Ultracash,0.09,6.19,01-05-2024
Tamilnad Mercantile Bank Apps,0.08,25.66,01-05-2024
Citi Bank Apps,0.08,66.74,01-05-2024
City Union Bank Apps,0.08,28.77,01-05-2024
NSDL Payments Bank Apps,0.07,12.71,01-05-2024
IDBI Bank Apps,0.07,27.32,01-05-2024
Aditya Birla Capital Digital,0.05,1.84,01-05-2024
Karur Vysya Bank Apps,0.05,20.63,01-05-2024
Bank of Maharashtra Apps,0.05,10.49,01-05-2024
Niyo Global,0.04,22.56,01-05-2024
MakeMyTrip,0.04,18.12,01-05-2024
Equitas Small Finance Bank Apps,0.04,25.35,01-05-2024
Punjab Sind Bank Apps,0.03,12.97,01-05-2024
Other Apps,1.29,148.93,01-05-2024
Phone Pe #,8682.08,1256541.09,01-05-2025
Google Pay #,6740.42,884735.12,01-05-2025
Paytm #,1277.56,138068.97,01-05-2025
Navi #,386.21,21350.35,01-05-2025
super.money #,203.42,7054.28,01-05-2025
Cred #,141.95,55242.72,01-05-2025
Axis Bank Apps,120.03,9683.82,01-05-2025
FamApp by Trio,110.38,1415.4,01-05-2025
Amazon Pay #,98.68,10343.44,01-05-2025
Whatsapp #,70.19,5280.89,01-05-2025
BHIM,64.6,11243.73,01-05-2025
HDFC Bank Apps,63.19,14806.6,01-05-2025
Kotak Mahindra Bank Apps,59.74,7862.6,01-05-2025
ICICI Bank Apps,59.47,16689.54,01-05-2025
Yes Bank Apps,53.52,9518.96,01-05-2025
Mobikwik #,33.92,4674.33,01-05-2025
Airtel Payments Bank Apps,20.14,1447.35,01-05-2025
Slice Small Finance Bank Apps,19.85,2330.22,01-05-2025
India Post Payments Bank Apps,16.51,1834.83,01-05-2025
IDFC Bank Apps,16.21,2493.29,01-05-2025
POP UPI,13.59,500.88,01-05-2025
State Bank of India Apps,13.48,3700.3,01-05-2025
RBL Bank Apps,13.27,1762.42,01-05-2025
Groww #,12.14,8443.05,01-05-2025
Bajaj Finserv,10.67,2219.95,01-05-2025
Samsung Pay,9.14,656.92,01-05-2025
Jupiter Money,6.4,950.85,01-05-2025
Federal Bank Apps,5.09,982.11,01-05-2025
Jio Payments Bank Apps,4.7,341.19,01-05-2025
Deutsche Bank Apps,4.02,723.88,01-05-2025
Timepay #,3.9,50.01,01-05-2025
Canara Bank Apps,3.85,992.9,01-05-2025
Punjab National Bank Apps,3.6,953.88,01-05-2025
Kiwi #,3.58,428.68,01-05-2025
Flipkart UPI #,3.23,187.83,01-05-2025
Standard Chartered Bank Apps,3.02,180.55,01-05-2025
Fi Money #,2.99,407.88,01-05-2025
Shri Ram One #,2.58,165.88,01-05-2025
Jammu and Kashmir Bank Apps,2.36,308.47,01-05-2025
IndusInd Bank Apps,1.99,258.89,01-05-2025
Bank of Baroda Apps,1.8,528.32,01-05-2025
Omni Card #,1.63,92.27,01-05-2025
Central Bank of India Apps,1.56,268.09,01-05-2025
Ind Money #,1.3,560.96,01-05-2025
Suryoday Bank Apps,1.25,218.46,01-05-2025
DBS Digibank Apps,1.06,226.65,01-05-2025
HSBC Bank Apps,1.03,124.36,01-05-2025
Digikhata,0.87,282.69,01-05-2025
Indian Bank Apps,0.8,202.18,01-05-2025
One Card #,0.8,954.81,01-05-2025
Bharat Pe #,0.74,58.21,01-05-2025
Union Bank Apps,0.73,241.85,01-05-2025
South Indian Bank Apps,0.71,211.09,01-05-2025
AU Small Finance Bank Apps,0.6,184.67,01-05-2025
ESAF Small Finance Bank Apps,0.57,63.39,01-05-2025
Fino Payments Bank Apps,0.54,56.9,01-05-2025
Aditya Birla Capital Digital #,0.49,26.92,01-05-2025
UCO Bank Apps,0.48,122.06,01-05-2025
Tata Neu #,0.45,132.55,01-05-2025
Salary Se #,0.43,20.47,01-05-2025
Money View #,0.32,31.91,01-05-2025
Kredit Pe #,0.32,35.29,01-05-2025
Bank of India Apps,0.3,91.04,01-05-2025
Indian Overseas Bank Apps,0.27,64.81,01-05-2025
Karnataka Bank Apps,0.25,59.72,01-05-2025
Spice Money,0.2,14.26,01-05-2025
Dhani,0.17,8.63,01-05-2025
NSDL Payments Bank Apps,0.17,16.25,01-05-2025
Rapipay,0.17,19.16,01-05-2025
IDBI Bank Apps,0.13,49.81,01-05-2025
Ultracash #,0.1,7.77,01-05-2025
True Balance,0.1,3.01,01-05-2025
Karur Vysya Bank Apps,0.1,35.02,01-05-2025
Tamilnad Mercantile Bank Apps,0.09,32.95,01-05-2025
Niyo Global #,0.07,25.75,01-05-2025
City Union Bank Apps,0.07,29.97,01-05-2025
Obopay,0.06,8.77,01-05-2025
Unity Small Finance Bank Apps,0.06,12.79,01-05-2025
Freo #,0.04,2.27,01-05-2025
Payworld,0.03,2.21,01-05-2025
Punjab Sind Bank Apps,0.02,8.87,01-05-2025
Bank of Maharashtra Apps,0.02,7.44,01-05-2025
Others,1.87,240.77,01-05-2025
Navi #,152.95,8806.45,01-11-2024
Cred #,138.24,50560.48,01-11-2024
Axis Bank Apps,130.36,6337.84,01-11-2024
super.money #,78.49,3130.1,01-11-2024
Amazon Pay #,71.6,7914.87,01-11-2024
FamApp by Trio #,67.41,777.46,01-11-2024
ICICI Bank Apps,53.71,21498.14,01-11-2024
Whatsapp #,51.76,3890.1,01-11-2024
Kotak Mahindra Bank Apps,47.35,6583.09,01-11-2024
HDFC Bank Apps,36.84,10417.27,01-11-2024
Yes Bank Apps,35.69,9215.09,01-11-2024
BHIM,27.05,8210.65,01-11-2024
Airtel Payments Bank Apps,18.6,1389.73,01-11-2024
Mobikwik #,16.63,2942.38,01-11-2024
Flipkart UPI #,13.25,636.91,01-11-2024
Groww #,13.22,8479.87,01-11-2024
Slice #,11.54,845.13,01-11-2024
State Bank of India Apps,10.46,3035.13,01-11-2024
India Post Payments Bank Apps,8.91,1131.95,01-11-2024
IDFC Bank Apps,8.6,1932.32,01-11-2024
Bajaj Finserv #,8.1,1584.15,01-11-2024
Samsung Pay #,7.9,578.99,01-11-2024
Jupiter Money #,6.02,825.36,01-11-2024
RBL Bank Apps,5.03,914.28,01-11-2024
POP UPI,4,267.15,01-11-2024
Federal Bank Apps,3.36,578.23,01-11-2024
Punjab National Bank Apps,3.31,753.1,01-11-2024
Jio Payments Bank Apps,3.18,263.81,01-11-2024
Fi Money #,3.07,373.29,01-11-2024
Canara Bank Apps,3.01,802.16,01-11-2024
Deutsche Bank Apps,2.68,401.03,01-11-2024
Indian Bank Apps,2.19,410.19,01-11-2024
Timepay #,1.72,19.88,01-11-2024
Omni Card,1.35,100.86,01-11-2024
Central Bank of India Apps,1.06,197.17,01-11-2024
Bank of Baroda Apps,1.01,389.1,01-11-2024
Jammu and Kashmir Bank Apps,0.79,135.44,01-11-2024
Union Bank Apps,0.73,238.56,01-11-2024
Kiwi #,0.69,106.42,01-11-2024
HSBC Bank Apps,0.68,176.45,01-11-2024
Aditya Birla Capital Digital,0.66,30.09,01-11-2024
South Indian Bank Apps,0.59,167.92,01-11-2024
DBS Digibank Apps,0.57,191.73,01-11-2024
Fino Payments Bank Apps,0.51,64.81,01-11-2024
Digikhata,0.46,156.43,01-11-2024
AU Small Finance Bank Apps,0.45,134.47,01-11-2024
Shri Ram One #,0.38,39.72,01-11-2024
IndusInd Bank Apps,0.36,92.32,01-11-2024
One Card #,0.36,356.22,01-11-2024
Tata Neu #,0.3,78.83,01-11-2024
True Balance,0.29,33.18,01-11-2024
UCO Bank Apps,0.28,66.32,01-11-2024
Bank of India Apps,0.2,55.8,01-11-2024
Standard Chartered Bank Apps,0.18,114.58,01-11-2024
Indian Overseas Bank Apps,0.18,49.21,01-11-2024
Karnataka Bank Apps,0.18,38.31,01-11-2024
Dhani,0.13,13.25,01-11-2024
ESAF Small Finance Bank Apps,0.12,14.69,01-11-2024
Niyo Global #,0.09,52.41,01-11-2024
Rapipay,0.09,11.7,01-11-2024
Suryoday Bank Apps,0.08,0.23,01-11-2024
IDBI Bank Apps,0.08,30.01,01-11-2024
Ultracash #,0.08,5.71,01-11-2024
NSDL Payments Bank Apps,0.08,9.73,01-11-2024
City Union Bank Apps,0.07,26.24,01-11-2024
Bharat Pe #,0.07,8.29,01-11-2024
Tamilnad Mercantile Bank Apps,0.07,23.33,01-11-2024
Salary Se #,0.07,3.75,01-11-2024
Genwise #,0.06,22.84,01-11-2024
Karur Vysya Bank Apps,0.05,17.82,01-11-2024
Equitas Small Finance Bank Apps,0.03,25.69,01-11-2024
Freo #,0.03,1.8,01-11-2024
Cheq,0.03,1.84,01-11-2024
Money View #,0.02,2.77,01-11-2024
Punjab Sind Bank Apps,0.02,10.76,01-11-2024
Spice Money,0.02,2.73,01-11-2024
Kredit.Pe #,0.02,2.67,01-11-2024
Others,1.65,225.18,01-11-2024
POP UPI,14.58,834.96,01-11-2025
Samsung Pay #,11.21,716.66,01-11-2025
Jupiter Money #,6.04,935.1,01-11-2025
Jio Payments Bank Apps,5.92,418.34,01-11-2025
Deutsche Bank Apps,4.39,760.75,01-11-2025
NSDL Payments Bank Apps,3.48,319.56,01-11-2025
Kiwi #,3.08,404.62,01-11-2025
Ind Money #,3.02,994.89,01-11-2025
Bank of Baroda Apps,2.74,653.52,01-11-2025
Flipkart UPI #,2.66,146.29,01-11-2025
Fi Money #,2.58,375.77,01-11-2025
Jammu and Kashmir Bank Apps,2.42,378.25,01-11-2025
Bharat Pe #,2.28,177.52,01-11-2025
Timepay #,2,39.98,01-11-2025
Omni Card,1.9,129.21,01-11-2025
Suryoday Bank Apps,1.89,3.55,01-11-2025
Indian Bank Apps,1.52,422.65,01-11-2025
Money View #,1.41,98.11,01-11-2025
IndusInd Bank Apps,1.39,212.28,01-11-2025
Shri Ram One #,1.39,108.4,01-11-2025
HSBC Bank Apps,1.26,158.12,01-11-2025
ESAF Small Finance Bank Apps,1.19,127.39,01-11-2025
Digikhata,1.16,412.73,01-11-2025
Aditya Birla Capital Digital #,1.11,24.14,01-11-2025
KreditBee #,1.06,37.32,01-11-2025
Fino Payments Bank Apps,0.96,83.45,01-11-2025
Union Bank Apps,0.88,250.09,01-11-2025
South Indian Bank Apps,0.84,243.72,01-11-2025
AU Small Finance Bank Apps,0.73,241.68,01-11-2025
One Card #,0.63,793.04,01-11-2025
Kredit Pe #,0.6,53.81,01-11-2025
DBS Digibank Apps,0.58,203.03,01-11-2025
UCO Bank Apps,0.58,154.26,01-11-2025
Salary Se #,0.48,23.87,01-11-2025
Central Bank of India Apps,0.42,126.34,01-11-2025
Tata Pay #,0.42,148.43,01-11-2025
Standard Chartered Bank Apps,0.36,116.53,01-11-2025
Bank of India Apps,0.34,108.52,01-11-2025
Jar #,0.33,8.42,01-11-2025
Spice Money,0.32,30.58,01-11-2025
Rapipay,0.3,29.39,01-11-2025
Karnataka Bank Apps,0.27,63.02,01-11-2025
Dhani,0.21,9.42,01-11-2025
Indian Overseas Bank Apps,0.2,53.88,01-11-2025
True Balance,0.18,6.09,01-11-2025
Oxymoney,0.16,10.58,01-11-2025
IDBI Bank Apps,0.16,71.99,01-11-2025
Obopay,0.15,23.14,01-11-2025
Karur Vysya Bank Apps,0.12,43.7,01-11-2025
TwidPay #,0.11,12.18,01-11-2025
Tamilnad Mercantile Bank Apps,0.1,34.64,01-11-2025
Payworld,0.08,7.81,01-11-2025
Ultracash #,0.08,6.31,01-11-2025
Unity Small Finance Bank Apps,0.08,24.79,01-11-2025
City Union Bank Apps,0.07,29.85,01-11-2025
Bank of Maharashtra Apps,0.04,10.94,01-11-2025
Curie Money #,0.04,3.25,01-11-2025
Punjab Sind Bank Apps,0.03,11.81,01-11-2025
Equitas Small Finance Bank Apps,0.03,10.2,01-11-2025
Freo #,0.03,1.84,01-11-2025
Cheq,0.02,2.44,01-11-2025
LXME #,0.02,1.65,01-11-2025
Others,2.54,244.75,01-11-2025
PhonePe #,7905.54,1169290.03,01-10-2024
Google Pay #,6201.81,849327.38,01-10-2024
Paytm (OCL) #,1165.01,129584.98,01-10-2024
Navi #,157.51,8841.9,01-10-2024
Cred #,152.28,55202.12,01-10-2024
Axis Bank Apps,139.68,6829.53,01-10-2024
Amazon Pay #,79.55,9205.72,01-10-2024
FamApp by Trio #,69.9,825.19,01-10-2024
ICICI Bank Apps,57.54,23686.95,01-10-2024
Whatsapp #,55.07,4137.17,01-10-2024
Kotak Mahindra Bank Apps,51.92,7565.22,01-10-2024
super.money #,49.68,2167.86,01-10-2024
HDFC Bank Apps,39.41,10427.97,01-10-2024
Yes Bank Apps,36.79,10245.47,01-10-2024
BHIM,29.9,10170.6,01-10-2024
Airtel Payments Bank Apps,20.03,1504.36,01-10-2024
Mobikwik #,17.2,2995.42,01-10-2024
Groww #,15.35,11862.09,01-10-2024
Flipkart UPI #,14.62,825.95,01-10-2024
Slice #,12.19,907.37,01-10-2024
State Bank of India Apps,11.73,3527.88,01-10-2024
Bajaj Finserv #,10.66,2330.26,01-10-2024
India Post Payments Bank Apps,10.11,1507.56,01-10-2024
IDFC Bank Apps,9.33,2162.85,01-10-2024
Samsung Pay #,8.56,664.7,01-10-2024
Jupiter Money #,6.36,873.89,01-10-2024
Fi Money #,3.44,421.4,01-10-2024
Punjab National Bank Apps,3.31,785.24,01-10-2024
Canara Bank Apps,3.27,898.89,01-10-2024
Jio Payments Bank Apps,3.23,269.69,01-10-2024
Indian Bank Apps,3.11,513.43,01-10-2024
Federal Bank Apps,2.96,542.57,01-10-2024
POP UPI,2.93,209.84,01-10-2024
RBL Bank Apps,2.88,723.15,01-10-2024
Deutsche Bank Apps,2.58,395.32,01-10-2024
Timepay #,2.15,18.6,01-10-2024
Omni Card,1.49,96.52,01-10-2024
Bank of Baroda Apps,1.16,499.63,01-10-2024
Central Bank of India Apps,1.11,219.02,01-10-2024
Aditya Birla Capital Digital,0.97,37.97,01-10-2024
Jammu and Kashmir Bank Apps,0.83,144,01-10-2024
Union Bank Apps,0.8,282.02,01-10-2024
HSBC Bank Apps,0.68,179.35,01-10-2024
South Indian Bank Apps,0.61,179.8,01-10-2024
DBS Digibank Apps,0.61,214.82,01-10-2024
Fino Payments Bank Apps,0.58,70.11,01-10-2024
AU Small Finance Bank Apps,0.49,146.98,01-10-2024
Shri Ram One #,0.47,47.25,01-10-2024
Digikhata,0.46,166.18,01-10-2024
Kiwi #,0.41,66.74,01-10-2024
IndusInd Bank Apps,0.36,93.29,01-10-2024
UCO Bank Apps,0.31,77.02,01-10-2024
Tata Neu #,0.31,74.8,01-10-2024
One Card #,0.29,261.08,01-10-2024
Suryoday Bank Apps,0.26,0.05,01-10-2024
Bank of India Apps,0.2,45.85,01-10-2024
Indian Overseas Bank Apps,0.2,56.07,01-10-2024
Standard Chartered Bank Apps,0.2,131.83,01-10-2024
Karnataka Bank Apps,0.16,34.88,01-10-2024
Dhani,0.13,14.62,01-10-2024
True Balance,0.13,16.51,01-10-2024
Niyo Global #,0.1,55.57,01-10-2024
NSDL Payments Bank Apps,0.09,12.1,01-10-2024
Ultracash #,0.09,5.94,01-10-2024
Rapipay,0.08,11.38,01-10-2024
City Union Bank Apps,0.08,29.97,01-10-2024
IDBI Bank Apps,0.08,29.72,01-10-2024
Tamilnad Mercantile Bank Apps,0.07,24.55,01-10-2024
Salary Se #,0.07,3.95,01-10-2024
ESAF Small Finance Bank Apps,0.06,8.57,01-10-2024
Bharat Pe #,0.05,7.27,01-10-2024
Freo #,0.05,2.7,01-10-2024
Karur Vysya Bank Apps,0.05,18.4,01-10-2024
Equitas Small Finance Bank Apps,0.04,29.7,01-10-2024
Punjab Sind Bank Apps,0.03,16.46,01-10-2024
Cheq,0.02,1.62,01-10-2024
Others,1.76,224.84,01-10-2024
Samsung Pay #,10.47,758.79,01-10-2025
Jupiter Money #,6.06,991.43,01-10-2025
Jio Payments Bank Apps,5.68,417.41,01-10-2025
NSDL Payments Bank Apps,3.47,368.39,01-10-2025
Flipkart UPI #,3.31,208.86,01-10-2025
Kiwi #,2.92,403.52,01-10-2025
Bank of Baroda Apps,2.77,723.28,01-10-2025
Fi Money #,2.7,405.88,01-10-2025
Jammu and Kashmir Bank Apps,2.66,419.17,01-10-2025
Suryoday Bank Apps,2.3,14.34,01-10-2025
Timepay #,1.94,38.42,01-10-2025
Omni Card,1.92,128.78,01-10-2025
Bharat Pe #,1.77,137.63,01-10-2025
IndusInd Bank Apps,1.58,224.25,01-10-2025
HSBC Bank Apps,1.5,170.25,01-10-2025
Indian Bank Apps,1.49,448.46,01-10-2025
Shri Ram One #,1.43,121.39,01-10-2025
Money View #,1.38,105.13,01-10-2025
Digikhata,1.14,409.7,01-10-2025
ESAF Small Finance Bank Apps,0.97,98.21,01-10-2025
Fino Payments Bank Apps,0.91,82.72,01-10-2025
South Indian Bank Apps,0.87,259.65,01-10-2025
One Card #,0.73,904.13,01-10-2025
Union Bank Apps,0.73,225.05,01-10-2025
AU Small Finance Bank Apps,0.71,246.67,01-10-2025
Kredit Pe #,0.63,56.41,01-10-2025
DBS Digibank Apps,0.61,217.83,01-10-2025
UCO Bank Apps,0.59,161.03,01-10-2025
Tata Pay #,0.5,167.09,01-10-2025
KreditBee #,0.5,13.9,01-10-2025
Salary Se #,0.48,24.33,01-10-2025
Jar #,0.46,10.67,01-10-2025
Aditya Birla Capital Digital #,0.42,21.45,01-10-2025
Central Bank of India Apps,0.4,115.39,01-10-2025
Bank of India Apps,0.33,107.21,01-10-2025
Spice Money,0.33,31.47,01-10-2025
Standard Chartered Bank Apps,0.29,120.33,01-10-2025
Rapipay,0.26,27.54,01-10-2025
Karnataka Bank Apps,0.26,62.55,01-10-2025
Dhani,0.24,10.84,01-10-2025
Indian Overseas Bank Apps,0.21,59.47,01-10-2025
IDBI Bank Apps,0.17,75.41,01-10-2025
True Balance,0.15,5.04,01-10-2025
Obopay,0.14,21.43,01-10-2025
Karur Vysya Bank Apps,0.12,44.87,01-10-2025
TwidPay #,0.1,10.9,01-10-2025
Tamilnad Mercantile Bank Apps,0.1,35.99,01-10-2025
Ultracash #,0.09,6.99,01-10-2025
Unity Small Finance Bank Apps,0.08,25.74,01-10-2025
City Union Bank Apps,0.08,32.76,01-10-2025
Payworld,0.07,5.97,01-10-2025
Punjab Sind Bank Apps,0.04,14.19,01-10-2025
Freo #,0.03,2.1,01-10-2025
Bank of Maharashtra Apps,0.03,9.46,01-10-2025
Equitas Small Finance Bank Apps,0.02,7.76,01-10-2025
Utkarsh Small Finance Bank Apps,0.02,5.64,01-10-2025
Others,2.44,234.4,01-10-2025
PhonePe #,7221.22,1030871,01-09-2024
Google Pay #,5625.22,746690.05,01-09-2024
Paytm (OCL) #,1064.62,113351.54,01-09-2024
Cred #,140,47982.71,01-09-2024
Navi #,120.41,6549.1,01-09-2024
Axis Bank Apps,120.38,5986.48,01-09-2024
Amazon Pay #,70.98,7845.04,01-09-2024
Fam App by Trio #,61.05,714.29,01-09-2024
ICICI Bank Apps,53.59,21076.12,01-09-2024
WhatsApp #,48.75,3586.71,01-09-2024
Kotak Mahindra Bank Apps,47.14,6413.16,01-09-2024
HDFC Bank Apps,36.14,8997.11,01-09-2024
Yes Bank Apps,31.27,9777.48,01-09-2024
BHIM,26.39,8466.3,01-09-2024
super.money #,25.75,1131.59,01-09-2024
Airtel Payments Bank Apps,17.41,1278.38,01-09-2024
Mobikwik #,16.07,2964.08,01-09-2024
Groww #,13.46,9526.49,01-09-2024
Flipkart UPI #,12.85,734.8,01-09-2024
Bajaj Finserv #,11.15,2711.55,01-09-2024
slice #,10.62,792.06,01-09-2024
State Bank of India Apps,9.8,2883.42,01-09-2024
IDFC Bank Apps,8.33,1838.99,01-09-2024
Samsung Pay #,7.33,564.5,01-09-2024
India Post Payments Bank Apps,6.96,908.78,01-09-2024
Federal Bank Apps,6.3,918.67,01-09-2024
Jupiter Money #,6.13,810.01,01-09-2024
Deutsche Bank Apps,3.05,348.9,01-09-2024
Canara Bank Apps,3.04,799.52,01-09-2024
Jio Payments Bank Apps,2.79,212.23,01-09-2024
Punjab National Bank Apps,2.74,606.83,01-09-2024
Indian Bank Apps,2.69,424.89,01-09-2024
Pop Club #,1.81,131.2,01-09-2024
Timepay #,1.74,15.26,01-09-2024
RBL Bank Apps,1.66,603.44,01-09-2024
OmniCard,1.31,74.96,01-09-2024
Bank of Baroda Apps,1.12,452.89,01-09-2024
Central Bank of India Apps,0.97,189.93,01-09-2024
Jammu and Kashmir Bank Apps,0.77,118.94,01-09-2024
Aditya Birla Capital Digital,0.72,32.26,01-09-2024
Union Bank Apps,0.62,212.37,01-09-2024
South Indian Bank Apps,0.6,169.06,01-09-2024
DBS Digibank Apps,0.52,200.42,01-09-2024
HSBC Bank Apps,0.51,153.54,01-09-2024
Fino Payments bank Apps,0.49,57.89,01-09-2024
AU Small Finance Bank Apps,0.46,136.87,01-09-2024
Digikhata,0.38,122.41,01-09-2024
IndusInd Bank Apps,0.36,90.58,01-09-2024
Shri Ram One #,0.35,42.33,01-09-2024
Kiwi #,0.29,44.31,01-09-2024
Suryoday Bank Apps,0.29,0.03,01-09-2024
UCO Bank Apps,0.26,59.89,01-09-2024
TataNeu #,0.21,40.5,01-09-2024
Indian Overseas Bank Apps,0.17,48.02,01-09-2024
Standard Chartered Bank Apps,0.17,108.86,01-09-2024
Karnataka Bank Apps,0.15,31.93,01-09-2024
Bank of India Apps,0.15,35.33,01-09-2024
Dhani,0.13,15.76,01-09-2024
Ultracash #,0.12,8.71,01-09-2024
Niyo Global #,0.09,49.74,01-09-2024
IDBI Bank Apps,0.09,34.69,01-09-2024
NSDL Payments Bank Apps,0.08,10.6,01-09-2024
City Union Bank Apps,0.07,27.34,01-09-2024
Tamilnad Mercantile Bank Apps,0.07,22.04,01-09-2024
Rapi Pay,0.06,9.55,01-09-2024
Bharat Pe,0.06,6.03,01-09-2024
True Balance,0.05,6.37,01-09-2024
One Card #,0.05,27.93,01-09-2024
Karur Vysya Bank Apps,0.05,16.83,01-09-2024
Salary Se #,0.04,1.78,01-09-2024
Freo Money #,0.04,1.91,01-09-2024
Punjab Sind Bank Apps,0.03,16.39,01-09-2024
Equitas Small Finance Bank Apps,0.03,24.45,01-09-2024
Citi Bank Apps,0.03,1.93,01-09-2024
Allahabad Bank Apps,0.02,5.54,01-09-2024
Others,1.86,208.36,01-09-2024
Samsung Pay #,9.9,676.36,01-09-2025
Jupiter Money #,6.06,958.38,01-09-2025
Jio Payments Bank Apps,5,344.89,01-09-2025
Deutsche Bank Apps,4.63,765.38,01-09-2025
Punjab National Bank Apps,3.88,983.32,01-09-2025
Flipkart UPI #,3.58,263.48,01-09-2025
Timepay #,2.98,41.89,01-09-2025
Fi Money #,2.66,382.26,01-09-2025
Ind Money #,2.61,870.13,01-09-2025
Bank of Baroda Apps,2.59,611.74,01-09-2025
Kiwi #,2.5,306.62,01-09-2025
Jammu and Kashmir Bank Apps,2.38,348.51,01-09-2025
NSDL Payments Bank Apps,2.05,216.31,01-09-2025
Omni Card,1.86,118.22,01-09-2025
Shri Ram One,1.81,136.08,01-09-2025
Suryoday Bank Apps,1.68,13.47,01-09-2025
IndusInd Bank Apps,1.67,222.41,01-09-2025
Indian Bank Apps,1.38,316.14,01-09-2025
HSBC Bank Apps,1.22,145.89,01-09-2025
Money View #,1.09,87.15,01-09-2025
Digikhata,1.05,352.31,01-09-2025
South Indian Bank Apps,0.86,248.26,01-09-2025
Fino Payments Bank Apps,0.78,69.88,01-09-2025
Union Bank Apps,0.73,232.38,01-09-2025
DBS Digibank Apps,0.73,250.9,01-09-2025
One Card,0.71,827.92,01-09-2025
AU Small Finance Bank Apps,0.69,221.41,01-09-2025
ESAF Small Finance Bank Apps,0.67,65.43,01-09-2025
Kredit Pe #,0.67,54.86,01-09-2025
Aditya Birla Capital Digital,0.56,25.14,01-09-2025
Central Bank of India Apps,0.55,137.29,01-09-2025
UCO Bank Apps,0.54,140.39,01-09-2025
Tata Pay #,0.5,159.6,01-09-2025
Salary Se #,0.49,22.88,01-09-2025
Bank of India Apps,0.32,101.51,01-09-2025
Spice Money,0.3,28.07,01-09-2025
Karnataka Bank Apps,0.27,62.58,01-09-2025
Standard Chartered Bank Apps,0.25,113.63,01-09-2025
Indian Overseas Bank Apps,0.24,62.77,01-09-2025
Rapipay,0.23,24.83,01-09-2025
Dhani,0.23,10.7,01-09-2025
IDBI Bank Apps,0.17,69.18,01-09-2025
Jar #,0.14,3.13,01-09-2025
True Balance,0.13,4.49,01-09-2025
Obopay,0.13,19.72,01-09-2025
Karur Vysya Bank Apps,0.11,40.62,01-09-2025
Tamilnad Mercantile Bank Apps,0.1,36.17,01-09-2025
Ultracash #,0.09,6.96,01-09-2025
City Union Bank Apps,0.08,31.81,01-09-2025
Unity Small Finance Bank Apps,0.07,21.92,01-09-2025
Niyo Global #,0.05,13.16,01-09-2025
KreditBee #,0.05,2.18,01-09-2025
Payworld,0.05,4.05,01-09-2025
Utkarsh Small Finance Bank Apps,0.03,5.49,01-09-2025
Freo #,0.03,1.96,01-09-2025
Punjab Sind Bank Apps,0.02,7.21,01-09-2025
Equitas Small Finance Bank Apps,0.02,7.23,01-09-2025
Others,2.32,227.21,01-09-2025
